solution_id,DESIGNATION,source_id,random_index,ref_epoch,ra,ra_error,dec,dec_error,parallax,parallax_error,parallax_over_error,pmra,pmra_error,pmdec,pmdec_error,ra_dec_corr,ra_parallax_corr,ra_pmra_corr,ra_pmdec_corr,dec_parallax_corr,dec_pmra_corr,dec_pmdec_corr,parallax_pmra_corr,parallax_pmdec_corr,pmra_pmdec_corr,astrometric_n_obs_al,astrometric_n_obs_ac,astrometric_n_good_obs_al,astrometric_n_bad_obs_al,astrometric_gof_al,astrometric_chi2_al,astrometric_excess_noise,astrometric_excess_noise_sig,astrometric_params_solved,astrometric_primary_flag,astrometric_weight_al,astrometric_pseudo_colour,astrometric_pseudo_colour_error,mean_varpi_factor_al,astrometric_matched_observations,visibility_periods_used,astrometric_sigma5d_max,frame_rotator_object_type,matched_observations,duplicated_source,phot_g_n_obs,phot_g_mean_flux,phot_g_mean_flux_error,phot_g_mean_flux_over_error,phot_g_mean_mag,phot_bp_n_obs,phot_bp_mean_flux,phot_bp_mean_flux_error,phot_bp_mean_flux_over_error,phot_bp_mean_mag,phot_rp_n_obs,phot_rp_mean_flux,phot_rp_mean_flux_error,phot_rp_mean_flux_over_error,phot_rp_mean_mag,phot_bp_rp_excess_factor,phot_proc_mode,bp_rp,bp_g,g_rp,radial_velocity,radial_velocity_error,rv_nb_transits,rv_template_teff,rv_template_logg,rv_template_fe_h,phot_variable_flag,l,b,ecl_lon,ecl_lat,priam_flags,teff_val,teff_percentile_lower,teff_percentile_upper,a_g_val,a_g_percentile_lower,a_g_percentile_upper,e_bp_min_rp_val,e_bp_min_rp_percentile_lower,e_bp_min_rp_percentile_upper,flame_flags,radius_val,radius_percentile_lower,radius_percentile_upper,lum_val,lum_percentile_lower,lum_percentile_upper,datalink_url
1635721458409799680,Gaia DR2 747174436620510976,747174436620510976,482812599,2015.5,151.8398587672829,0.06592216841490943,34.13992723819709,0.06370786271775174,2.8393966078722257,0.08055221097421555,35.249146,27.781976008379665,0.11381536853747218,-6.704935924111078,0.11757667839996169,-0.44729814,-0.4647417,-0.08995836,-0.10058981,0.23523125,-0.06437478,-0.047851846,0.28752348,-0.075338736,-0.48416063,168,0,168,0,21.291626,926.72516,0.4680576182855048,42.2171314128811,31,True,4.2241263,1.614618294425317,0.014801704977059297,-0.12772566,19,10,0.12953587,0,19,False,168,47276.24977557445,15.939391029571139,2966.001,14.001759,18,24009.351268964885,61.083681143848835,393.05673,14.400437,19,33251.83499072824,55.756267281061334,596.3784,13.457381,1.211204,0,0.9430561,0.39867878,0.5443773,,,0,,,,NOT_AVAILABLE,191.36325813952698,54.259508502970064,141.4430484537634,21.07137432397466,100001,5403.0,5353.0,5545.5,0.025,0.004,0.1095,0.0207,0.0026,0.0545,200111,0.55833447,0.5300087,0.5688135,0.23934452,0.225176,0.25351304,https://gea.esac.esa.int/data-server/datalink/links?ID=Gaia+DR2+747174436620510976
1635721458409799680,Gaia DR2 809741149368202752,809741149368202752,668030245,2015.5,151.78671462258353,0.056584189664608146,44.89660328004948,0.06197860823227708,1.4494792488599249,0.0905703058476708,16.003912,3.958447414779523,0.11217961588588683,-7.150429584441133,0.14610376828010965,-0.18463944,0.073364206,0.31119168,0.011143975,-0.30724642,0.03955295,-0.16151671,0.26001433,0.040591735,-0.4642679,230,0,228,2,20.268297,981.5271,0.5139732672957918,33.11489437914183,31,False,3.2152474,1.5428721389911324,0.014817921307825265,-0.010599334,26,12,0.14591989,0,26,True,225,20249.248868450966,10.391164341373363,1948.6987,14.922343,24,10127.04544592627,32.214153660291466,314.36633,15.337681,25,14571.784034455466,27.27972463925358,534.1617,14.353138,1.2197405,0,0.98454285,0.41533756,0.5692053,,,0,,,,NOT_AVAILABLE,173.35808248424078,52.85678827405234,136.71057959190043,30.955630508436737,100001,5354.5,5325.25,5387.6665,,,,,,,200111,0.7310202,0.72204757,0.7390728,0.39575753,0.34457073,0.44694433,https://gea.esac.esa.int/data-server/datalink/links?ID=Gaia+DR2+809741149368202752
1635721458409799680,Gaia DR2 1058875159778407808,1058875159778407808,702159312,2015.5,162.24768406805836,0.03853515962955129,65.79879271765037,0.045288677594480804,0.9644356249394725,0.054955815588310565,17.549292,-0.7951979824425055,0.07750677869522017,-14.059832987440346,0.08772684009931717,0.3651486,-0.35258663,0.045957737,0.08770708,-0.33351105,-0.016322251,-0.1443512,0.25130725,0.017361844,0.35957992,291,0,291,0,21.626245,1175.962,0.4097653080526139,32.42571738396512,31,False,5.017683,1.5968542052333474,0.010517143859513986,-0.08614176,33,18,0.09276231,0,35,False,307,28934.325391903367,7.640068460657621,3787.1814,14.534832,35,16061.684420599795,25.24921137868924,636.12616,14.83691,35,18814.386419517927,30.958685637068108,607.72565,14.075695,1.2053528,0,0.7612152,0.30207825,0.45913696,,,0,,,,NOT_AVAILABLE,140.71369688896706,46.878524212798965,129.27102329128704,51.91781794719366,100001,5980.5,5754.9624,6242.285,0.0343,0.0085,0.099,0.0123,0.0039,0.0431,200111,1.0272077,0.94285744,1.1092981,1.2160774,1.0657868,1.366368,https://gea.esac.esa.int/data-server/datalink/links?ID=Gaia+DR2+1058875159778407808
1635721458409799680,Gaia DR2 1144019690966028928,1144019690966028928,1519950621,2015.5,133.35494794508244,0.10485187041178179,79.35525755831621,0.11913651781135615,2.164437357827649,0.13862086943507257,15.61408,7.3263346132484575,0.2012034197661209,23.534659810891654,0.233629602011175,0.033130214,-0.11288523,0.025012745,-0.020545308,-0.28670433,-0.16817527,-0.27630773,0.34535897,-0.1656218,0.03902823,216,0,216,0,69.89893,7359.957,1.0784340492995361,270.9273726798657,31,False,0.8297258,1.654235358531063,0.030264825218397188,0.010312439,25,16,0.21265508,0,27,False,234,69455.52016125811,14.650539311486668,4740.8164,13.584099,24,39254.972989190246,56.24921324571418,697.876,13.866652,24,44281.31958654672,32.57107918570365,1359.5288,13.146369,1.2027308,0,0.72028255,0.28255272,0.43772984,,,0,,,,NOT_AVAILABLE,133.762992221209,32.11117659105364,103.85490691284758,58.02372132715967,100001,6432.7124,6071.5,6895.247,0.017,0.0053,0.0945,0.0097,0.0032,0.0681,200111,0.6098626,0.5307874,0.6845864,0.5737666,0.49912333,0.64840984,https://gea.esac.esa.int/data-server/datalink/links?ID=Gaia+DR2+1144019690966028928
1635721458409799680,Gaia DR2 1350295047363872512,1350295047363872512,1677989974,2015.5,264.9835872702866,0.03757189556477254,45.038141013241116,0.04080188023031064,1.0792512983456832,0.041048687681000846,26.29198,5.815220460622511,0.0790354154852244,52.73071678788757,0.08220757867510682,0.031554583,-0.037399102,0.01292407,-0.24506801,0.06658366,-0.28728268,-0.26695222,-0.22449936,-0.12762034,0.15056565,230,0,230,0,21.937551,1083.0333,0.40000021006133774,39.961891934320015,31,False,5.8162203,1.6338199892754783,0.010741678530907914,-0.00934316,26,17,0.08894512,0,28,False,248,72701.79839121875,15.415197869949973,4716.2417,13.534503,27,41404.29532070441,70.54168378387514,586.94794,13.808775,25,46509.560403531155,51.74669741615338,898.79285,13.093064,1.2092391,0,0.71571064,0.27427197,0.44143867,,,0,,,,NOT_AVAILABLE,71.21637001397802,31.043438909042347,260.3758794081278,68.3098993341672,100001,6276.5,6114.967,6532.0,0.132,0.0116,0.443,0.0742,0.01,0.2453,200111,1.3156607,1.2147492,1.3860879,2.420208,2.2112706,2.6291454,https://gea.esac.esa.int/data-server/datalink/links?ID=Gaia+DR2+1350295047363872512
1635721458409799680,Gaia DR2 1525829295599805184,1525829295599805184,1478309190,2015.5,198.3709178324949,0.0997009129773091,41.865017192622105,0.12732796253614384,3.5940738812487116,0.22247607285886783,16.154879,-33.07980257371007,0.19107341284985205,-113.98349762180362,0.2202196770806231,0.43768436,-0.043655038,0.10094216,-0.049625643,-0.10366111,-0.1149679,0.28440863,-0.2071173,-0.41910252,0.4527833,707,0,707,0,84.635284,11041.513,1.6259400770730565,264.58145510232276,31,False,0.3553421,1.3459754344067552,0.022300773987331775,-0.004725211,80,19,0.23553187,0,87,False,764,6282.995848089048,2.636083671059035,2383.4585,16.19295,81,2128.8716711844745,8.007175257666121,265.87048,17.031015,78,6145.271842157825,9.89682177495598,620.9339,15.290567,1.3169105,0,1.740448,0.8380661,0.9023819,,,0,,,,NOT_AVAILABLE,107.31861855280684,74.5881931857196,175.94334925602882,44.883710279396226,100001,4449.1465,4110.5,4904.58,0.106,0.007,0.3351,0.064,0.0075,0.1801,,,,,,,,https://gea.esac.esa.int/data-server/datalink/links?ID=Gaia+DR2+1525829295599805184
1635721458409799680,Gaia DR2 1581117310088807552,1581117310088807552,608730001,2015.5,185.05341252179883,0.16067789390281392,58.68790899991343,0.15454782367113848,4.608037060631407,0.22464741991744983,20.512308,-69.13674329990332,0.33722532463658883,-48.209474760119264,0.2970589393288808,0.31426194,-0.23795043,-0.14758185,-0.020894272,-0.16813548,-0.13197637,0.100006744,0.1770825,-0.33639145,0.31607592,344,0,343,1,109.164764,18523.89,1.9076008826133801,697.416869123573,31,False,0.27222863,1.2577332057576327,0.042096985880111286,-0.026290005,39,19,0.32482198,0,39,False,343,29237.97153661092,12.035270251933309,2429.3572,14.523498,35,10790.04587601416,30.809738374657375,350.21542,15.26883,36,26725.381636112335,57.23367438658533,466.95206,13.694611,1.2831063,0,1.5742197,0.7453327,0.828887,,,0,,,,NOT_AVAILABLE,130.58099242157996,57.97422652668186,150.0865650294586,53.32720910163512,100001,4294.22,4220.19,4664.5,0.266,0.1119,0.5591,0.134,0.0553,0.227,,,,,,,,https://gea.esac.esa.int/data-server/datalink/links?ID=Gaia+DR2+1581117310088807552
1635721458409799680,Gaia DR2 1695294922548180224,1695294922548180224,790593932,2015.5,226.4783779028377,0.04968188007286776,71.1344247592227,0.050729117326677835,0.5131531469120681,0.054744444115334134,9.373611,3.9634601703757366,0.09374468712553412,9.54025910264714,0.09621005493668319,-0.09738989,-0.136263,-0.055513628,0.22641346,0.3243757,0.16706543,-0.125448,-0.051105607,-0.2747681,-0.11016576,204,0,204,0,28.624449,1487.9119,0.47881532593163006,63.257460763100795,31,False,4.205134,1.6254981288047803,0.015696446396263497,0.02816661,23,16,0.097502634,0,26,False,223,105305.22877091888,28.82599845692896,3653.1338,13.132241,23,56347.481055273245,97.38278905961818,578.61847,13.474202,21,71178.54515344849,95.06995813964248,748.6965,12.631047,1.2110132,0,0.8431549,0.3419609,0.501194,,,0,,,,NOT_AVAILABLE,108.95730334272488,42.15441761879807,144.0819911175372,74.04119469520512,100001,5777.0,5753.0,5827.75,,,,,,,200111,3.9671988,3.8984041,4.000368,15.793271,12.137213,19.44933,https://gea.esac.esa.int/data-server/datalink/links?ID=Gaia+DR2+1695294922548180224
1635721458409799680,Gaia DR2 1749013354127453696,1749013354127453696,434421423,2015.5,308.3136017031124,0.02528859967332297,7.9794529821099225,0.020332167659152883,0.9333036969228016,0.03291487461874025,28.355074,-13.875201562730846,0.048505140359758815,-9.809317506136361,0.03709877914487963,0.22656491,0.3806595,-0.3129472,-0.048153922,0.12270608,-0.10166628,-0.5835757,-0.33838043,0.02010697,0.1999792,266,0,266,0,2.4314666,319.82306,0.08833276440580483,1.6680341357184618,31,False,28.596706,1.5906991845125371,0.005658948330127994,-0.017058928,30,12,0.054328904,0,31,True,270,29753.982685013903,7.155815076868638,4158.0146,14.504503,28,15663.294883381956,16.87396320388873,928.25226,14.864181,28,20532.809952787873,19.789953699976042,1037.537,13.980799,1.2165129,0,0.88338184,0.3596773,0.5237045,,,0,,,,NOT_AVAILABLE,52.48752439368122,-18.391254990696424,313.03040586636985,25.87750250895703,100001,5853.5,5561.865,6188.25,0.481,0.303,0.63,0.2357,0.1539,0.3076,200111,1.126897,1.0082767,1.2481723,1.3431534,1.230684,1.4556227,https://gea.esac.esa.int/data-server/datalink/links?ID=Gaia+DR2+1749013354127453696
1635721458409799680,Gaia DR2 1854241667792418304,1854241667792418304,1623583028,2015.5,321.9070989694672,0.07920561667102455,33.27330493777845,0.1384777559368954,5.525747133481435,0.17594556008303652,31.406006,26.001749860606253,0.1778977595735694,-56.41267047395928,0.26470057680301334,-0.35818532,0.068885624,0.2602682,-0.30782577,-0.025952868,-0.262528,-0.2930522,-0.09918032,0.14541489,-0.55339897,678,0,677,1,167.93735,44759.543,1.287478910466241,462.346685615354,31,False,0.5259598,1.4804668410635873,0.022867313461826216,0.013696956,77,17,0.25864214,0,79,False,685,20950.460252017023,3.8783771510108123,5401.8623,14.885382,74,7771.34341516168,12.935335385874003,600.78406,15.625148,69,19157.899756950796,16.701058978102356,1147.1069,14.05605,1.2853771,0,1.5690975,0.7397661,0.8293314,,,0,,,,NOT_AVAILABLE,81.21923779105171,-12.625709925783893,338.8162894379499,45.11579052203905,100001,4344.84,4192.01,4544.4873,0.128,0.0209,0.352,0.089,0.0109,0.232,,,,,,,,https://gea.esac.esa.int/data-server/datalink/links?ID=Gaia+DR2+1854241667792418304
1635721458409799680,Gaia DR2 1947292821452944896,1947292821452944896,692344013,2015.5,326.7356868474574,0.07162954260293307,33.470525670335995,0.09765499055248919,1.3583544706288424,0.14227197295932967,9.54759,19.073570540670232,0.18789666779034578,-23.268304372175074,0.23969087522717433,-0.27526638,0.31057948,0.51367176,-0.15022288,-0.29018334,-0.2886986,-0.0054203183,0.28902283,-0.055435386,-0.049049433,370,0,369,1,47.28857,3708.217,0.8675025365694768,72.66190803066713,31,False,1.1082805,1.5444713727216655,0.0195696456222101,-0.013834324,42,14,0.21423759,0,43,False,372,7849.575166091092,3.5029680304133026,2240.8354,15.95125,37,3194.591874256615,10.844229507119206,294.5891,16.59035,36,6724.128277765691,12.318981387045909,545.8348,15.19283,1.2635996,0,1.3975191,0.6390991,0.75842,,,0,,,,NOT_AVAILABLE,84.37754398302027,-15.252979197997647,343.9689753566461,43.471921390161306,100001,4929.34,4732.3735,5000.5,0.3613,0.2506,0.4231,0.188,0.135,0.257,200111,0.59530556,0.57848305,0.6458913,0.18850794,0.14843225,0.22858363,https://gea.esac.esa.int/data-server/datalink/links?ID=Gaia+DR2+1947292821452944896
1635721458409799680,Gaia DR2 2397135910639986304,2397135910639986304,123807231,2015.5,341.20235333673673,0.08436837069389305,-22.602091912148996,0.0908119312326403,1.4735401411437203,0.11418196194916568,12.905192,18.29741612381588,0.17932535568884228,-7.928705772131629,0.19028421035009216,0.1373246,0.24388538,0.15742704,-0.059351128,-0.3837521,0.15905853,0.31118864,-0.268576,-0.46509933,0.3282993,147,0,147,0,46.972202,3310.1582,0.6428538816860287,98.81026904238743,31,False,2.2642763,1.6323848527805223,0.021527359776847867,0.08293125,17,10,0.19840361,0,17,False,146,85358.94188100261,21.87040310216098,3902.943,13.360243,16,48050.45628228681,120.78079881838491,397.8319,13.647144,15,54507.46955547349,95.16606330944013,572.76166,12.92078,1.2014902,0,0.72636414,0.28690147,0.43946266,,,0,,,,NOT_AVAILABLE,34.855940093940426,-61.00070521815712,334.02374051199615,-13.549478726143523,100001,6168.033,5849.05,6440.0,0.0727,0.0089,0.2001,0.0247,0.0047,0.0896,200111,1.0823829,0.9928934,1.2036597,1.5277188,1.2855927,1.7698449,https://gea.esac.esa.int/data-server/datalink/links?ID=Gaia+DR2+2397135910639986304
1635721458409799680,Gaia DR2 3649963989549165440,3649963989549165440,1113482770,2015.5,218.37859664465284,0.08287978766796496,-1.2452697407142232,0.07198687835047081,0.9771804749914907,0.09567815859058132,10.213203,-6.075096081703808,0.15833328122003065,-3.7443185997948705,0.15688652079958837,-0.050103083,-0.4101088,-0.04860445,-0.15219414,-0.24329646,-0.19885164,0.17396681,-0.012175629,-0.06213628,-0.28043386,131,0,131,0,22.495663,924.19946,0.5271736647221585,41.35505609196046,31,False,3.2513292,1.9157289365220123,0.022994860999885066,-0.028084503,15,10,0.16240528,0,15,False,131,35262.852689412626,23.716253363680078,1486.8644,14.320072,14,30159.058839852376,271.3715921728326,111.13565,14.152843,15,12555.755168303976,31.94103070819607,393.09174,14.514812,1.2113261,1,-0.361969,-0.1672287,-0.1947403,,,0,,,,NOT_AVAILABLE,347.929751912718,52.47268062237334,216.4147071149208,13.118427404903777,102012,8868.667,7963.25,9593.0,,,,,,,,,,,,,,https://gea.esac.esa.int/data-server/datalink/links?ID=Gaia+DR2+3649963989549165440
1635721458409799680,Gaia DR2 4271998639836225920,4271998639836225920,1226804844,2015.5,277.9317203267707,0.2688324865645222,-1.3165029633920866,0.2697785726596765,10.672867086950337,0.3635086896198488,29.360693,2.089699183960539,0.5188256388854816,2.9403566625220634,0.5002316803375875,0.26357636,-0.2664184,0.06758119,-0.28518686,-0.36013615,-0.06969757,-0.21362658,-0.37079298,0.33490217,0.278346,131,0,131,0,68.43896,7316.6455,1.8929991529045656,228.68039507434864,31,False,0.25932553,1.5425822666665383,0.07388548299565084,0.17522095,15,11,0.5109183,0,15,False,131,10489.226407387108,6.686851087296222,1568.6346,15.636507,13,2980.464639843824,51.51771449374415,57.8532,16.665678,13,11357.46065482734,22.69989989713887,500.33087,14.623717,1.3669193,0,2.0419607,1.029171,1.0127897,,,0,,,,NOT_AVAILABLE,29.507243310186045,3.781580161461693,278.5500706733187,21.88767084521544,100001,3760.0,3651.0,4186.675,0.026,0.0032,0.1715,0.0213,0.0036,0.1003,,,,,,,,https://gea.esac.esa.int/data-server/datalink/links?ID=Gaia+DR2+4271998639836225920
1635721458409799680,Gaia DR2 4314242838679237120,4314242838679237120,423636805,2015.5,285.6871175024083,0.14121928982623147,13.063668293649554,0.17741565178912252,3.298885465035139,0.1850570361645686,17.826317,-2.296012588424082,0.3392929728477762,-7.729623812145734,0.39455803264319034,0.39525473,-0.10688311,0.0066558663,-0.15081716,-0.27989292,-0.10766485,-0.009680172,-0.05780838,0.27322605,0.5296141,143,0,143,0,12.897438,480.7622,0.967904797767742,19.173860469933715,31,False,0.76922005,1.3784198835017694,0.03427056131347316,0.30076793,16,11,0.4051433,0,16,False,142,2867.0829835557674,3.3832595162919414,847.4322,17.044765,15,896.360841717803,11.644261918779835,76.97876,17.97018,14,2959.5011539255984,13.422848846620742,220.48235,16.083874,1.3448728,0,1.8863068,0.92541504,0.9608917,,,0,,,,NOT_AVAILABLE,45.845794517537186,3.4570014298557177,288.8715665816658,35.48089152200719,100001,3829.5,3750.0,3994.0,0.133,0.007,0.2767,0.0723,0.0036,0.153,,,,,,,,https://gea.esac.esa.int/data-server/datalink/links?ID=Gaia+DR2+4314242838679237120
1635721458409799680,Gaia DR2 4744087975990080896,4744087975990080896,1419549173,2015.5,34.21296669908435,0.10775921298183534,-53.36163997217956,0.09819476187159436,1.6255240368624961,0.1344628850614909,12.089017,34.79323102641768,0.19301800963868543,0.2800594078273756,0.1874054444020495,-0.06409538,0.27793345,0.16399801,-0.13030677,0.116754495,0.0024090884,0.078776136,0.18458192,-0.40498838,-0.14391974,297,0,295,2,18.542957,1003.49615,1.0068681201125345,27.970631530186065,31,False,0.6905459,1.4464012263268349,0.025310304031737188,0.032772128,34,20,0.18842854,0,47,False,378,2756.6357580332065,2.6540948283858574,1038.635,17.087418,38,911.7396339556474,7.66217368705816,118.992294,17.951712,39,2777.4856275739426,12.663214340328874,219.33496,16.15279,1.3383071,0,1.7989216,0.86429405,0.93462753,,,0,,,,NOT_AVAILABLE,277.68098702902597,-59.37738601773246,358.684826583511,-60.4209125235169,,,,,,,,,,,,,,,,,,https://gea.esac.esa.int/data-server/datalink/links?ID=Gaia+DR2+4744087975990080896
1635721458409799680,Gaia DR2 5580526947012630912,5580526947012630912,829626500,2015.5,99.94918508651737,0.030963630210229805,-36.93097453714966,0.03552361141534769,1.2844281058846196,0.03958004108433731,32.45141,-0.601593293507819,0.06508374693773133,-3.165603590000795,0.06657917321765487,0.08692694,0.22266604,0.07222993,0.008443855,0.21865445,0.105431624,-0.23439267,0.2752257,-0.11833127,-0.029941946,266,0,266,0,23.567356,1252.7109,0.36968771696255864,40.23852120845412,31,False,6.7573204,1.5971970830868036,0.008732598834683929,-0.03886793,30,17,0.06889414,0,31,False,271,84430.12246137713,16.658261427078262,5068.3633,13.372122,31,47074.848752972975,48.82778608674877,964.0996,13.669415,27,54558.91370026629,53.985594841726325,1010.6199,12.919756,1.2037618,0,0.74965954,0.29729366,0.45236588,,,0,,,,NOT_AVAILABLE,245.82094254874303,-18.065227286042614,105.94599058060803,-59.820712108743486,100001,6134.0,5887.56,6305.0,,,,,,,200111,1.2492565,1.1824124,1.3560274,1.9905496,1.8503739,2.1307254,https://gea.esac.esa.int/data-server/datalink/links?ID=Gaia+DR2+5580526947012630912
1635721458409799680,Gaia DR2 5590962927271507712,5590962927271507712,241691043,2015.5,108.79401072862936,0.09237526868316516,-34.50366449344761,0.12687164455478683,2.4800005970634427,0.12859146295364288,19.285889,10.386851753732234,0.19656877298066083,-21.74329388640659,0.24780795364387564,-0.07711734,-0.12575199,-0.1199002,0.14364268,0.15468697,0.15752926,-0.23785293,0.18189077,-0.07678994,0.011413095,218,0,217,1,33.182213,1889.2991,1.0203392577134804,83.51836080562782,31,False,0.8714087,1.644566545027295,0.028299042229750618,-0.09145527,25,15,0.22475344,0,27,False,233,8261.907510694957,3.78046509359738,2185.421,15.895665,24,3356.413869495559,12.73043505551739,263.6527,16.5367,21,7022.595668095608,12.136394891195266,578.63934,15.145676,1.2562486,0,1.3910236,0.6410341,0.7499895,,,0,,,,NOT_AVAILABLE,246.45444350942978,-10.513387745229085,118.42789740609193,-56.10309497929128,100001,4839.0,4591.9297,4881.0,0.163,0.0149,0.5591,0.11,0.0069,0.2546,,,,,,,,https://gea.esac.esa.int/data-server/datalink/links?ID=Gaia+DR2+5590962927271507712
1635721458409799680,Gaia DR2 5593444799901901696,5593444799901901696,1142423801,2015.5,112.68478196543288,0.014885204929667552,-30.460562713151877,0.020201663058613158,0.7992370212432172,0.022560336074285998,35.426643,0.3368975722480961,0.0324674170027935,0.07587070074363554,0.03658154508337609,0.09783917,0.08434415,-0.18328875,-0.021210385,0.1998993,0.020097882,-0.37951732,0.13682055,-0.13819171,0.09786964,252,0,251,1,-0.97154474,224.44553,0.0,0.0,31,False,40.03279,1.643875146344147,0.004775325412173361,0.0578465,29,15,0.044204537,0,32,False,260,31809.614249132315,7.968144940731063,3992.098,14.43197,28,18370.46170484942,23.634905929895723,777.25977,14.691088,26,19972.859783355867,18.241421477696257,1094.918,14.010819,1.2054003,0,0.6802683,0.25911808,0.4211502,,,0,,,,NOT_AVAILABLE,244.322591284772,-5.753489997938076,122.19381851337137,-51.39477812736967,100001,6395.36,6309.0,6690.75,0.026,0.0152,0.0875,0.014,0.0084,0.0499,200111,1.130988,1.0333284,1.1621627,1.9278384,1.7852789,2.0703979,https://gea.esac.esa.int/data-server/datalink/links?ID=Gaia+DR2+5593444799901901696
1635721458409799680,Gaia DR2 5681911574178198400,5681911574178198400,526350217,2015.5,142.12711431412035,0.09187583026033126,-17.594731491509766,0.08530330172206532,1.9991606010482559,0.11252295553879126,17.766691,-6.9018931489846285,0.172403425336391,2.08445490063784,0.15106723251545928,0.0797303,-0.39353764,0.12388236,0.3811398,-0.073198706,0.24113703,0.081607856,0.34999746,-0.3398027,0.043453094,114,0,114,0,12.133603,402.629,0.5160172986373023,19.162034549396086,31,False,2.8456807,1.4809480490934424,0.022340084425897872,-0.02436399,13,9,0.16002612,0,14,False,122,10315.46509654773,6.854285321016496,1504.9658,15.654644,13,3969.1864981897193,14.438279517921352,274.90717,16.354635,14,9249.963754606326,33.68392951123045,274.6106,14.84657,1.2814885,0,1.5080652,0.6999912,0.808074,,,0,,,,NOT_AVAILABLE,249.3345526619109,23.523419920695428,151.02481605176507,-30.671448819136494,100001,4446.5635,4314.62,4558.01,0.156,0.0939,0.475,0.099,0.0459,0.2681,200111,0.61627984,0.5865114,0.6545485,0.13376689,0.11835763,0.14917615,https://gea.esac.esa.int/data-server/datalink/links?ID=Gaia+DR2+5681911574178198400
1635721458409799680,Gaia DR2 5847919241396757888,5847919241396757888,472542780,2015.5,213.83102235090888,0.06285401619739012,-66.59960229004817,0.06445889423125394,1.1956698236393144,0.08535220629887513,14.008657,-14.104829391129329,0.10419587170206261,2.172624097668662,0.12654755392323852,0.00831683,-0.014882897,-0.549295,0.01417253,-0.26696962,0.035517324,-0.44821513,-0.04131854,0.3413599,0.081244454,283,0,281,2,4.7299347,401.8534,0.3424881111363791,4.214128449851947,31,False,2.4445093,1.444747025470494,0.017179832298467528,0.016030233,32,16,0.12323763,0,37,False,326,3218.207128969209,2.12575272629792,1513.9142,16.91933,31,1155.9789523167883,9.682750341442254,119.38539,17.694014,33,3028.853860689552,11.387530234030342,265.9799,16.058723,1.3003615,0,1.6352901,0.774683,0.86060715,,,0,,,,NOT_AVAILABLE,311.13616427221484,-5.073370829315441,239.84773081986674,-48.94390526402297,100001,4410.67,4205.45,4825.4067,0.488,0.2826,0.8314,0.23,0.1352,0.424,200111,0.5895143,0.49253333,0.64845294,0.11849544,0.10091839,0.13607249,https://gea.esac.esa.int/data-server/datalink/links?ID=Gaia+DR2+5847919241396757888
1635721458409799680,Gaia DR2 6001459821083925120,6001459821083925120,532860539,2015.5,232.72208144734563,0.020435396461643156,-42.84265697485262,0.014644481353621532,0.6634394909022114,0.026341954749672547,25.18566,1.987802900533065,0.05705003289542098,7.881856308694015,0.04943856673449193,-0.5686349,0.03769281,0.188907,-0.27476612,-0.04531796,-0.23192365,0.53237796,0.16240215,-0.24887565,-0.47395563,400,0,388,12,-2.2295425,323.95157,0.0,0.0,31,False,83.27775,1.5864228693049252,0.002951197248290019,0.046868738,44,13,0.07254878,0,46,False,406,67807.86880201624,10.588130123075242,6404.14,13.610166,43,35628.723256957914,39.42329984291127,903.74786,13.971888,42,47249.69906255624,39.49568309981006,1196.3257,13.075922,1.2222538,0,0.8959656,0.361722,0.5342436,,,0,,,,NOT_AVAILABLE,331.5361775693293,11.001316222384178,241.138679626619,-23.066589458757438,100001,5612.1,5461.0,6027.8555,1.696,1.2357,1.9248,0.8432,0.5684,0.988,200111,2.6247158,2.2751362,2.7719712,6.156883,5.543739,6.7700267,https://gea.esac.esa.int/data-server/datalink/links?ID=Gaia+DR2+6001459821083925120
1635721458409799680,Gaia DR2 6328149636482597888,6328149636482597888,108702632,2015.5,218.08620164160337,0.0451906881002381,-10.36633463934636,0.034478758701594205,1.0282865691939564,0.049524355321193606,20.76325,-3.6722417269872354,0.08184371188240099,-93.22032505710273,0.07422248213550617,-0.016809719,-0.47631803,-0.16632096,-0.055145923,-0.1321661,-0.03441677,-0.08963729,-0.08756768,0.05450544,-0.2104481,141,0,141,0,10.654792,396.90878,0.26898316759460567,15.057305734582256,31,False,12.139977,1.6699786925384135,0.010557931868870031,0.02614359,16,10,0.08382197,0,16,False,141,86324.19588059874,24.14804413257741,3574.7903,13.348034,14,46999.69379397662,146.6161771832974,320.5628,13.67115,15,58048.39258600121,75.88629127359742,764.9391,12.852445,1.216902,0,0.81870556,0.3231163,0.49558926,,,0,,,,NOT_AVAILABLE,339.4642486042445,45.228140345354305,219.05896352405173,4.3741678558374595,100001,5782.0,5530.0,5930.5,,,,,,,200111,1.7891235,1.7006459,1.9558983,3.2232037,2.8816113,3.564796,https://gea.esac.esa.int/data-server/datalink/links?ID=Gaia+DR2+6328149636482597888
1635721458409799680,Gaia DR2 6593763230249162112,6593763230249162112,1556344012,2015.5,337.2139268834441,0.03892549839947425,-39.72191449342093,0.0494797920818659,1.068955063818082,0.0863481136576959,12.3796,0.147979522010105,0.09644089036916896,-4.226673475496854,0.081120766143125,-0.10062846,0.4175659,-0.50504357,-0.20584643,-0.67453176,0.54118204,0.2171527,-0.79870075,-0.5412182,0.6260997,141,0,140,1,7.660791,302.91428,0.1930742330789317,7.941428094006354,31,False,20.408945,1.6009653988980963,0.009562387809108633,0.084535025,16,10,0.121260256,0,18,False,156,71684.05569847063,27.193988262309666,2636.026,13.549809,16,38820.84003990264,61.365786497255904,632.6138,13.878726,16,47430.36589650912,71.87652975905864,659.8867,13.071779,1.2032132,0,0.80694675,0.32891655,0.4780302,,,0,,,,NOT_AVAILABLE,0.5970549720318059,-57.96066308536905,323.3549774679406,-27.893878539083836,100001,5820.25,5796.5,5867.6665,0.6653,0.5649,0.8157,0.3245,0.2669,0.4215,200111,1.5460626,1.5211761,1.5587579,2.4712427,2.0567622,2.885723,https://gea.esac.esa.int/data-server/datalink/links?ID=Gaia+DR2+6593763230249162112
