source_id,ra,ra_error,dec,dec_error,parallax,parallax_error,phot_g_mean_mag,bp_rp,radial_velocity,radial_velocity_error,phot_variable_flag,teff_val,a_g_val
4689637991231181696,5.971215990143505,0.02833224300035216,-72.08531595073119,0.022845583592523727,0.3392112688594866,0.03099122806166457,10.898767,1.7876673,,,"NOT_AVAILABLE",4176.3726,0.6433
4689637995526999680,5.97808358468139,0.22673499882468925,-72.08706634234682,0.07126442227215263,0.4152843713532678,0.10729732297286704,14.138757,0.8343029,,,"NOT_AVAILABLE",5095.6333,
4689637789368594944,5.992558475115972,0.7749537577364404,-72.09179319232818,0.6209866993242114,-0.803452291510397,0.7493039900125762,10.676243,0.55655384,,,"NOT_AVAILABLE",6072.0,
4689637991231188352,5.982917396489215,0.24869482903968546,-72.08175889572875,0.18126983312158823,,,12.755561,1.234786,,,"NOT_AVAILABLE",5143.45,
4689637991231186944,5.980087439080253,1.853533107076865,-72.08702279518285,0.8162889141360744,,,13.176133,1.0697184,,,"NOT_AVAILABLE",5215.175,
4689637991231192960,5.9884024332219985,0.9688754041916211,-72.08406026547443,13.236642910598713,,,13.70538,0.9982405,,,"NOT_AVAILABLE",5095.6333,
4689637995526876800,5.973621522216123,0.24804666611328616,-72.08008179507334,0.18527941860490965,-0.36678112666688045,0.16264582691232052,13.677268,1.1535568,,,"NOT_AVAILABLE",5076.0,
4689637991231191296,5.9867845078365916,0.07880970518980032,-72.08490280108374,0.08583439745217639,0.18763710595681685,0.09383164499652426,12.791965,1.1857023,,,"NOT_AVAILABLE",5143.45,
4689637991231191168,5.986600574715002,0.05741111054667113,-72.08600218684595,0.07938252368364515,0.20683539837665385,0.0691030702107136,13.535878,1.1118546,,,"NOT_AVAILABLE",5143.45,
4689638064246284544,5.9772628157419705,0.11267677811426453,-72.07628628752967,0.09706338802360072,,,13.745318,0.93609047,,,"NOT_AVAILABLE",5076.0,
4689637991231189760,5.984647474581449,0.061390990421097545,-72.07820512317059,0.050030548971338976,0.48317981239821733,0.0693581237312083,12.72394,1.2596502,,,"NOT_AVAILABLE",4904.4526,
4689637991231189504,5.9840589029906885,0.03452315923669153,-72.07969197309852,0.041099601885682936,0.24631322065106073,0.037427614615407855,11.864679,1.6106434,,,"NOT_AVAILABLE",4451.5,
4689637995526939392,5.978297138567445,0.05109983871364913,-72.08554562315487,0.04632787941106175,0.15942400504073645,0.06112818205437635,10.942257,2.051365,,,"VARIABLE",3720.3333,
4689638064253892480,5.978872120775375,0.3901104986375934,-72.07547669807109,0.43021032727808894,5.059359252036462,0.4409608078651996,12.368582,1.3533049,,,"NOT_AVAILABLE",4821.6665,1.0158
4689637789376112256,5.992497193999939,0.05462125391182194,-72.09701985759983,0.04222488428022921,0.10850877025636879,0.056192312603542106,11.074667,2.7565765,,,"NOT_AVAILABLE",4021.8826,1.5387
4689637995526877696,5.981249938674775,38.50562973226065,-72.0816598119598,4.767705486494269,,,14.76404,,,,"NOT_AVAILABLE",,
4689638059950668800,5.98783959837847,0.628045583107792,-72.07377321050318,0.33420335717463456,,,12.357172,1.3358116,,,"NOT_AVAILABLE",5000.0,
4689637995526881920,5.986869863856369,26.25691275249375,-72.08289397145495,14.004070470867115,,,14.859614,0.7463541,,,"NOT_AVAILABLE",5095.6333,
4689637789376063616,5.988399393981735,0.05318095276682737,-72.08908273067043,0.03770037068059776,0.34748650559273664,0.04571159378572467,12.091055,1.3810177,,,"NOT_AVAILABLE",4797.6665,
4689637995526982912,5.98727275599602,1.1332297670096514,-72.08756303226451,15.567085363763354,,,13.180701,1.1551085,,,"NOT_AVAILABLE",5143.45,
4689637789376651008,5.989968325923777,0.08652476948690087,-72.09151707327678,0.06733901897383654,-0.04730707351469155,0.09383841314674579,11.093717,1.9170227,,,"NOT_AVAILABLE",3968.0,
4689637995526986240,5.973955060838331,96.86610306033872,-72.08662225081243,1.4985208139225663,,,13.773461,0.9672203,,,"NOT_AVAILABLE",5215.175,
4689637789376074880,5.9803392948435015,0.05237394890296242,-72.09002471519214,0.05115358270678126,0.3111563634146075,0.05960502004929759,12.5492325,1.3788853,,,"NOT_AVAILABLE",4572.525,
4689637995528046080,5.984780649417473,0.47540847466374586,-72.08012812806555,0.47321881061903837,-1.8179325323067268,0.5318901445830422,12.589229,1.5629673,,,"NOT_AVAILABLE",5000.0,
4689637995526851840,5.989993226572952,0.1949592896962979,-72.08378879967891,0.14048179494068241,,,13.732274,0.9037485,,,"NOT_AVAILABLE",5095.6333,
4689637789376087168,5.98731732487167,0.030968748670761895,-72.09238974938222,0.022772843031644337,0.30982400706793783,0.031099782643473847,10.997735,1.9947119,-12.378411686748874,1.9383897847740381,"VARIABLE",3755.3198,
4689637995526917760,5.981227513664467,0.30492990347963606,-72.08347481546234,0.385689499428698,0.47787738713472705,0.15403808105136574,13.412026,1.1586208,,,"NOT_AVAILABLE",5121.51,
4689638059950668928,5.988147937018279,1.3589930020297376,-72.07528295284737,1.334718416452039,,,12.164114,1.3094559,,,"NOT_AVAILABLE",4884.25,
4689637995528049536,5.97802049298996,0.054872474530760294,-72.08122729974097,0.08981992087384169,-0.09719067656503468,0.08867025246052439,13.75966,0.90556717,,,"NOT_AVAILABLE",5215.175,
4689637995526920832,5.988771370153029,0.1124384035176627,-72.08529628583595,0.0890141356745081,3.5422903648342627,0.12366926833666898,13.15507,1.2275181,,,"NOT_AVAILABLE",5095.6333,
4689637789376097920,5.994242292529248,34.07004996566803,-72.09514203799128,17.673063169372718,,,13.770688,0.96032906,,,"NOT_AVAILABLE",5190.3335,
4689637995526918400,5.976817719188023,0.04788082026028004,-72.08382639008565,0.07914296720233448,-0.24723488239879643,0.0722122228665251,12.976945,1.2378359,,,"NOT_AVAILABLE",4987.0,
4689637995526918528,5.971809651178454,0.08446090830213758,-72.08296429587143,0.09392673393435592,0.20571900478959707,0.10779289325361899,13.461995,1.00881,,,"NOT_AVAILABLE",5171.6333,
4689637995528060288,5.980333557499147,0.41356806326896467,-72.08542302260491,2.113584321197925,,,14.733668,,,,"NOT_AVAILABLE",,
4689637995526858112,5.989748456259002,0.5012113210234054,-72.08072607406889,0.5195356688668686,-4.706102080206926,0.588158725383531,12.579192,1.1181679,,,"NOT_AVAILABLE",5143.45,
4689637995534463360,5.9717321413993165,2.738467782848647,-72.08145757831022,1.0280992234449233,,,13.808834,0.9562168,,,"NOT_AVAILABLE",5095.6333,
4689637995526862720,5.977633909644516,0.08799404502417045,-72.0803614815151,0.15194858846226417,,,13.959031,1.0540686,,,"NOT_AVAILABLE",5143.45,
4689637995534470016,5.972734331536759,2.135634446650092,-72.08266890101754,11.506948342525806,,,15.2598,,,,"NOT_AVAILABLE",,
4689637995526861568,5.981750929225076,15.912749701861214,-72.07939887401534,12.70607517885377,,,16.134132,,,,"NOT_AVAILABLE",,
4689639301195027840,6.063228673442177,0.03869735788864993,-72.07680139387784,0.03267344460475315,0.14517716817970513,0.041432071234203824,10.939178,2.6310625,,,"VARIABLE",3442.5,
4689639301196679552,6.0614411173396725,0.3703907618218028,-72.07231804233099,0.19987072782992676,,,14.14384,,,,"NOT_AVAILABLE",,
4689639301195208576,6.065745387949392,0.695166495414784,-72.08243746103008,1.357911665667818,,,14.806829,0.78660965,,,"NOT_AVAILABLE",5095.6333,
4689639266835395584,6.034270800815455,0.2728595818842758,-72.07881964087623,0.5186445374856081,-0.28986988158795973,0.21159450667549123,11.875399,1.4128342,,,"NOT_AVAILABLE",5095.6333,
4689639301203687296,6.064649027572068,0.35493837199146255,-72.0787830396791,0.32108335586087516,-0.17858174705183652,0.4430278691448481,13.563628,0.96729565,,,"NOT_AVAILABLE",5095.6333,
4689639301195206912,6.06172135574768,0.6286778902022983,-72.08254228014043,1.0879313043717975,,,13.602844,0.9288149,,,"NOT_AVAILABLE",5095.6333,
4689639262541524096,6.011279553864144,0.7911989364923987,-72.09463923374878,1.2801092347128888,,,13.126012,1.0191727,,,"NOT_AVAILABLE",5171.6333,
4689639198116066944,6.051929779372475,11.339623803656421,-72.09478602019583,7.672089192511473,,,16.441921,,,,"NOT_AVAILABLE",,
4689639198116065664,6.051062443011548,55.70695605080467,-72.09554518238274,10.80615710153436,,,13.765592,0.91301155,,,"NOT_AVAILABLE",5095.6333,
4689639198125373568,6.0078536853136395,0.10413799566786804,-72.097223822504,0.04086640889551132,-0.0727584836138705,0.0462102964779587,12.829148,1.0922985,,,"NOT_AVAILABLE",5143.45,
4689639232475803904,6.053363746517344,0.08265419031341878,-72.09410763245639,0.040621022786508205,0.5621819198182448,0.08820830772217171,13.792302,0.94423676,,,"NOT_AVAILABLE",5247.967,
4689639193822046976,6.011679810545778,32.412951784346134,-72.09899328587447,3.9405287133928715,,,16.055037,0.8162699,,,"NOT_AVAILABLE",5095.6333,
4689639537419429120,6.007821667698464,0.03188325515261252,-72.0692503948252,0.025308483013766658,0.2298078898277946,0.03025996168964072,11.426692,1.6714354,,,"NOT_AVAILABLE",4256.3833,
4689639198116095232,6.035726862482966,0.04873635585976916,-72.09840700561558,0.04203410440801462,0.3899441740035542,0.06366331318053955,13.666924,0.9861908,,,"NOT_AVAILABLE",5266.6665,
4689639468699952768,6.008323054319562,0.054752037111946365,-72.07455165821041,0.07021920339476471,0.01601273152509978,0.06749314084934493,12.212953,1.1923857,,,"NOT_AVAILABLE",5143.45,
4689639541713327488,5.996480333966543,5.865301785128119,-72.0730480802602,1.2521014110364475,,,14.679524,0.90914917,,,"NOT_AVAILABLE",5095.6333,
4689639193822044928,6.007743008864186,0.09758881889589763,-72.09808525982898,0.05962754061539112,-0.5296254917403486,0.08403624191468818,13.753483,1.0800877,,,"NOT_AVAILABLE",5143.45,
4689639193822051712,6.017538033461285,0.15296859737997512,-72.09664225547792,0.11790981477896981,0.3598291979753344,0.12586717943275147,13.59454,0.94449043,,,"NOT_AVAILABLE",5095.6333,
4689639198116072064,6.032344359366598,41.047773839381215,-72.1000263871904,32.82911115247375,,,15.06864,0.9116287,,,"NOT_AVAILABLE",5095.6333,
4689639473003815424,6.000607645985825,0.3252363383862601,-72.07625203291592,0.20209031272745476,,,14.221709,,,,"NOT_AVAILABLE",,
4689639198116071936,6.040767560007504,0.7209877013834785,-72.094788267143,0.6229874980013957,,,13.437827,1.0012293,,,"NOT_AVAILABLE",5144.95,
4689639198116066560,6.052394631760168,0.11281076191729308,-72.09512116295468,0.12511455000833446,0.015537593075451385,0.12052856308344774,14.125294,1.0085983,,,"NOT_AVAILABLE",5095.6333,
4689639198117912064,6.0210942016036055,49.18889240512427,-72.09863738353278,64.27410012409247,,,14.130149,0.92769337,,,"NOT_AVAILABLE",5095.6333,
4689639193822051840,6.017698222784051,0.06417125360703163,-72.09404395472876,0.05346740794627124,0.25447145017835426,0.05334225946975351,12.823677,1.3107738,,,"NOT_AVAILABLE",4645.24,
4689639198116071296,6.047066276498969,0.19436646852861025,-72.09493716937874,0.3119202632464914,,,16.063059,0.8134098,,,"NOT_AVAILABLE",5095.6333,
4689639198116076928,6.045344512357614,1.0174627866120236,-72.09688576877527,0.6270131341556702,,,16.427101,,,,"NOT_AVAILABLE",,
4689639473004140288,6.038160605499835,0.11516558142840234,-72.06990703783094,0.14046095724319702,-0.20601590438917836,0.18434228866026758,13.026577,1.1214638,,,"NOT_AVAILABLE",5095.6333,
4689639198117801600,6.029227623992315,0.11295111121171184,-72.09337562576451,0.08939590748788126,0.4158364427650772,0.12006869952782574,12.367134,1.3806114,,,"NOT_AVAILABLE",4621.1333,
4689639198116077184,6.043312062869998,6.87347603058278,-72.09651311204468,2.559975292951097,,,15.270445,,,,"NOT_AVAILABLE",,
4689639468699955200,6.012238343841372,0.1482467596362251,-72.07687937125307,0.10452308909355486,0.20930531907080385,0.14464124787939345,11.696037,1.2940483,,,"NOT_AVAILABLE",5143.45,
4689639198117801216,6.023222631219025,0.11774756260712416,-72.09409033393462,0.09837462878533672,-0.22778977131862213,0.12143753821976647,13.023354,1.1255035,,,"NOT_AVAILABLE",5143.45,
4689639266844764544,6.036264554794331,0.7261020733940178,-72.08652537850452,0.7528978343909913,-10.999768627653415,0.7904281372183324,11.591604,1.4455462,,,"NOT_AVAILABLE",4776.81,
4689639198125376128,6.024000753098244,0.3490974785322344,-72.09963727029884,0.3773601728508752,-0.18521012558422217,0.46704632949022457,14.468494,0.9127369,,,"NOT_AVAILABLE",5095.6333,
4689639228197585024,6.0783180941959225,28.552027388892462,-72.08191355947736,46.164979090354116,,,16.093445,0.91684914,,,"NOT_AVAILABLE",5095.6333,
4689639198116074880,6.043450247167654,0.13494813742231598,-72.0977805506896,0.11199550370241601,-0.18793448282845507,0.11427244035083126,14.270864,0.93511486,,,"NOT_AVAILABLE",5095.6333,
4689639193849981952,6.026060045249052,3.121984265435826,-72.10034195944945,1.826971046709121,,,16.403152,0.7333517,,,"NOT_AVAILABLE",5095.6333,
4689639198116074496,6.035471392715776,0.34706878028624133,-72.09703998499283,0.16085036891219842,,,14.315549,,,,"NOT_AVAILABLE",,
4689639301205228288,6.060254628088022,0.19677892975253883,-72.07265784361066,0.21501790767762988,-3.1918352064073363,0.22888351599939252,13.207304,1.0260906,,,"NOT_AVAILABLE",5076.0,
4689639301195015680,6.056386283341796,21.96855318517137,-72.07541154762728,18.509657308374532,,,13.942508,1.0158482,,,"NOT_AVAILABLE",5095.6333,
4689639468699960576,6.019316457186702,0.10645669526192235,-72.07951355616208,0.07711906041723383,0.55985849837902,0.10758499771710837,11.646858,1.3484364,,,"NOT_AVAILABLE",4993.0,
4689639198116074112,6.039846436759167,0.4361022245015734,-72.09778867023462,1.1823038066900864,,,14.171099,0.46625328,,,"NOT_AVAILABLE",5095.6333,
4689639541714915200,5.998344797040447,0.526673105706538,-72.06943667156868,0.5077987487247302,,,14.773482,0.9867811,,,"NOT_AVAILABLE",5095.6333,
4689639193822054272,6.021645370709586,0.06940780872601249,-72.09788467288017,0.052925641569348335,0.30348224128301793,0.06297063485500703,12.923333,1.2469034,,,"NOT_AVAILABLE",4948.6665,
4689639266837398912,6.005057218168238,11.1135190379526,-72.09621097917783,0.5013535416180364,,,13.631504,1.0979681,,,"NOT_AVAILABLE",5143.45,
4689639472993860224,6.024790859454515,3.2961387569730247,-72.07299402614655,4.494496014925454,,,12.1229,1.26155,,,"NOT_AVAILABLE",5143.45,
4689639266844760576,6.032724711762455,1.4263328921305898,-72.08551676562689,1.380704962170327,,,11.821594,1.3358765,,,"NOT_AVAILABLE",5000.0,
4689639198124491136,6.0477717363126855,0.06847472861375797,-72.09181135497205,0.047225386893042245,0.06452288369629659,0.06559725429179764,12.757372,1.2061815,,,"NOT_AVAILABLE",4844.25,
4689639232475819648,6.060444948075884,13.887785730462719,-72.09620245818897,1.141159401563304,,,16.478565,,,,"NOT_AVAILABLE",,
4689639507355068672,6.056262199685923,8.075176997525684,-72.07121928113799,11.660732202699714,,,15.890213,,,,"NOT_AVAILABLE",,
4689639266845494656,6.045074986040088,0.5611781835030452,-72.08403041398621,0.5944018352392046,,,11.616073,1.4877872,,,"NOT_AVAILABLE",4529.35,
4689639507355102464,6.0569504040467335,0.049631725968623426,-72.07161989814269,0.09707479250661874,0.5332194571110745,0.08288670378983512,13.749365,0.99480057,,,"NOT_AVAILABLE",5144.95,
4689639541713334656,5.998190625023102,1.509388562513418,-72.07142382556711,0.418336304158072,,,14.837037,1.0556841,,,"NOT_AVAILABLE",5095.6333,
4689639266845494400,6.035027746530014,1.5878214934784243,-72.07906282017998,1.8802888496883827,,,11.510921,1.3310785,,,"NOT_AVAILABLE",5095.6333,
4689639193822059904,6.0314634515499055,0.09661652965627289,-72.09171366190533,0.0509307270121959,0.1287495225798217,0.08781468845114006,11.684468,1.502718,,,"NOT_AVAILABLE",4426.0,
4689639473003925120,6.01868492127263,0.33344281565374756,-72.07227182385927,0.14000679487093515,-1.1221583060102407,0.18340447091537077,12.411789,1.3264418,,,"NOT_AVAILABLE",4819.0664,
4689639228197196928,6.078083679046347,0.2978289452640703,-72.08351195429658,0.44552566462604115,,,16.039883,0.76570415,,,"NOT_AVAILABLE",5095.6333,
4689639198116079104,6.043823853035904,15.991086619364653,-72.09468727202446,17.124512307619803,,,13.496738,1.022542,,,"NOT_AVAILABLE",5143.45,
4689639228197174144,6.077562831534661,29.042187779418693,-72.08462209231416,15.482858819925847,,,14.219657,0.9507456,,,"NOT_AVAILABLE",5095.6333,
4689639198116077952,6.046526969538185,1.3198528184782152,-72.096559402945,0.6363117452235152,,,15.1207695,1.1382055,,,"NOT_AVAILABLE",5095.6333,
4689639266843963904,6.046985338941281,0.14972115194112404,-72.08753169757087,0.06772611568764211,-0.3496870243010009,0.09108295475147624,13.060943,1.1807079,,,"NOT_AVAILABLE",5143.45,
4689639266843964032,6.043372010250411,0.6197014110206089,-72.08711830875205,1.119618725054835,,,12.560457,1.2244844,,,"NOT_AVAILABLE",5000.0,
4689639198116078208,6.048182455401643,0.05367800583844374,-72.09652773022484,0.09767662037972917,,,13.8545885,1.0652428,,,"NOT_AVAILABLE",5215.175,
4689639473003923200,6.02776007096767,1.0905575376104537,-72.06921993610206,1.0519917360819357,,,11.861273,1.3641291,,,"NOT_AVAILABLE",4920.0,
4689639198117927552,6.015830376755238,0.8204038366183113,-72.09809899008187,0.11568763237058298,,,13.390792,1.1117916,,,"NOT_AVAILABLE",5143.45,
4689639193822057472,6.027118506324991,0.031141144256797083,-72.09284806489383,0.025878123553052333,0.14204112358676135,0.034458497290011145,11.626974,1.5677137,,,"NOT_AVAILABLE",4412.1074,
4689639541722584320,6.005096299885847,0.05240369992463572,-72.06864200937278,0.03405734461957459,0.04433279452011619,0.04970891786252474,12.75443,1.2103262,,,"NOT_AVAILABLE",4889.9053,
4689639266843962880,6.046619064958407,0.0778253002785236,-72.08595270880804,0.08206285472393272,0.11280486230205558,0.09401865262289578,10.882793,2.0077553,,,"NOT_AVAILABLE",3803.25,
4689639232484225408,6.067307095549976,0.45663869251833333,-72.08934869212207,0.3536377025885779,,,14.912596,0.7995348,,,"NOT_AVAILABLE",5095.6333,
4689639198116085504,6.04745526977917,0.09008457985324969,-72.09577201300498,0.08236890811888826,0.08189381613135219,0.1070851981383618,14.981283,0.9592829,,,"NOT_AVAILABLE",5095.6333,
4689639468699963520,6.026302215345732,0.04862839101206166,-72.067847445189,0.05666126671450845,-0.12349178379471706,0.05373185782324911,13.639572,0.9696598,,,"NOT_AVAILABLE",5144.95,
4689639232475823744,6.055896379233835,0.49396693664140817,-72.09630052537297,0.14969113472782122,-1.1369620622980163,0.2653852749135314,15.560012,,,,"NOT_AVAILABLE",,
4689639232475823616,6.0563950793965216,0.06030786455273096,-72.09668542617943,0.05335723468256139,0.7391034979663331,0.07238993666061046,13.746498,0.88380337,,,"NOT_AVAILABLE",5095.6333,
4689639266844757632,6.021396911785898,0.383402990965564,-72.08384231932662,0.2507659807329045,1.7673726041765003,0.281559225438668,11.287481,1.3155756,,,"NOT_AVAILABLE",5143.45,
4689639193822063616,6.038145881235337,0.1387777286640173,-72.09425987574109,0.10131352900240005,-0.09378006526799733,0.10893395597294517,13.8848095,0.9913368,,,"NOT_AVAILABLE",5095.6333,
4689639473003178752,6.012935921161352,1.3038877567208174,-72.08195887481806,1.098021290472979,,,11.148765,1.4019547,,,"NOT_AVAILABLE",5074.403,
4689639473003927936,5.995657813557238,0.07094779291910708,-72.07745056434625,0.14658576308074397,,,13.252071,0.9787941,,,"NOT_AVAILABLE",5095.6333,
4689639232475753984,6.07870598310115,0.30335183459783077,-72.08521768144914,0.2446852841379515,-0.9519217518749598,0.19469976157322222,14.356595,0.9642658,,,"NOT_AVAILABLE",5112.07,
4689639473003928064,5.995483293139904,0.1974573203190592,-72.0786251199118,0.12320346278118284,0.3944459508184537,0.1858767545050412,12.455698,1.2760353,,,"NOT_AVAILABLE",5025.3335,
4689639473003821952,5.998588593877225,8.613097765414437,-72.08241285997761,16.110317039300263,,,13.20565,1.1957302,,,"NOT_AVAILABLE",5095.6333,
4689639266845709696,6.0301253494326135,0.23207887821141054,-72.08182759795446,0.14802254027851386,,,12.391935,1.0621567,,,"NOT_AVAILABLE",5095.6333,
4689639232475752448,6.070949961775058,16.909671474698946,-72.08618924095927,12.844115672269147,,,14.201886,0.6470976,,,"NOT_AVAILABLE",5095.6333,
4689639266845497216,6.031599642158367,0.6422540286763507,-72.08852541926318,0.5349924425733905,,,12.231566,,,,"NOT_AVAILABLE",,
4689639232484220928,6.064479752274435,0.2518419331397384,-72.08402291682702,0.40768706761199086,,,13.756985,0.9394722,,,"NOT_AVAILABLE",5163.2,
4689639473004102272,6.032487842161126,0.21342312336378497,-72.06774063880756,0.2939561324161887,1.054975707270509,0.27856127492726085,15.820651,0.873415,,,"NOT_AVAILABLE",5095.6333,
4689639198117913728,6.011318384107305,0.0411855015598581,-72.09631006074727,0.045510535060572205,0.4056572769790938,0.04994252610937765,13.668116,1.1344614,,,"NOT_AVAILABLE",5076.0,
4689639232475751680,6.070055236193301,20.922283612025886,-72.08593154334773,40.22814929793029,,,13.678127,0.972538,,,"NOT_AVAILABLE",5143.45,
4689639468699967872,6.034691844674505,0.03860423767728258,-72.0706776630418,0.024217031219715742,0.35055868368928356,0.030404244505101968,11.587219,1.5262117,,,"NOT_AVAILABLE",4469.0,
4689639232484222464,6.060350342991022,0.04538656438021695,-72.08591836175088,0.03349420342386262,0.1307662878684283,0.048052307031333334,10.984057,2.4293747,,,"VARIABLE",3458.25,1.3995
4689639193849654912,6.017727726967054,0.06902714824285722,-72.10007422201217,0.050724756279820996,0.7951076842113587,0.07471472519214001,13.792345,0.9922743,,,"NOT_AVAILABLE",5248.25,
4689639468699968384,6.035197051104094,0.04564539436341822,-72.07665358331344,0.029931263390259227,0.11968302984670005,0.041166656475248545,11.812607,1.3903217,,,"NOT_AVAILABLE",5025.3335,
4689639193822061184,6.034885293606927,0.09148296133235481,-72.09625994090024,0.05772303732400349,-0.0013740297115207825,0.07818224434987085,13.396777,1.1829815,,,"NOT_AVAILABLE",5003.0,
4689639266845502464,6.005099843384018,0.22811588151385065,-72.09370994461757,0.15336796727721805,-0.6753314471390718,0.15552857966033376,13.509649,0.92313004,,,"NOT_AVAILABLE",5095.6333,
4689639193822068608,6.047786123312674,0.13625019015905662,-72.09879433474522,0.07243836205112529,-0.29937809550485284,0.11345312810665463,12.472069,1.4140482,,,"NOT_AVAILABLE",4499.0,
4689639266844741376,6.021364258343517,0.07217160691330998,-72.08178171514578,0.05154886476600988,0.30301254853531556,0.07688668502438271,11.367639,1.4483328,,,"NOT_AVAILABLE",4777.0,
4689639541716253184,5.988266419012215,0.21238569923101647,-72.07148659319652,0.08932679256597671,,,13.666859,1.0796204,,,"NOT_AVAILABLE",5190.3335,
4689639198126025216,6.012719250915553,5.153913235324684,-72.09698407508293,18.470013243713126,,,14.613216,0.8887768,,,"NOT_AVAILABLE",5095.6333,
4689639193822065920,6.042815352067879,0.045627537784110245,-72.09280442690893,0.03337863474202396,0.23461592773065887,0.04546333131587584,11.75408,1.4763098,,,"NOT_AVAILABLE",4427.64,
4689639507355135232,6.050493715862808,0.1017952945271952,-72.07367967159439,0.11264075465357738,1.3275629304904664,0.19421043055086729,13.711326,0.93252087,,,"NOT_AVAILABLE",5095.6333,
4689639473003168896,6.00660217645992,0.4389278716590946,-72.07951513469301,0.2640168141582339,-2.738307289195429,0.41899895740450066,11.299802,1.5464725,,,"NOT_AVAILABLE",4443.427,
4689639262541543168,6.044194409315831,2.3655739381430227,-72.07803523727941,1.8125904692856627,,,12.026195,1.2361975,,,"NOT_AVAILABLE",5143.45,
4689639198126023424,6.017053970433161,0.15622455547800004,-72.09479880504745,0.139272869713869,,,13.767458,0.93995667,,,"NOT_AVAILABLE",5239.975,
4689639472995344000,6.027486239751193,2.138216526984577,-72.067264128819,37.32563421692198,,,15.2377825,0.89621925,,,"NOT_AVAILABLE",5095.6333,
4689639541723285760,6.018803051492931,25.89852085526387,-72.06830247857113,28.338019097939902,,,15.749707,0.706645,,,"NOT_AVAILABLE",5095.6333,
4689639232475756288,6.076261172361961,12.109739724237654,-72.08299584542637,14.886422445404977,,,16.045868,0.82758045,,,"NOT_AVAILABLE",5095.6333,
4689639301195232768,6.068618342684617,0.92237333701851,-72.08217357329158,0.7854962171876912,,,14.2477455,1.0662937,,,"NOT_AVAILABLE",5095.6333,
4689639301195231872,6.069911993480396,0.197160335225285,-72.08188920465847,0.2531955970184916,,,13.859461,1.108242,,,"NOT_AVAILABLE",5143.45,
4689639301203696000,6.057201333396561,0.13698663151404708,-72.08124436467199,0.15699886275073807,-0.4499947862103234,0.1600297181180098,11.457484,1.563034,-14.89192563466173,1.4268305592626618,"NOT_AVAILABLE",4390.0,
4689639473003122560,6.028186933311872,0.16359289422192266,-72.07391753335352,0.07751247077766249,-0.17594676873505322,0.1326412042202635,11.892015,1.4086809,,,"NOT_AVAILABLE",4592.3223,
4689639503059716096,6.052693798321932,0.10912411139104317,-72.07326501989921,0.07898715683971294,,,13.099075,1.2848101,,,"NOT_AVAILABLE",4993.0,
4689639541722546176,6.017554744266966,18.05350786000918,-72.06724071719793,21.607502148260195,,,14.533095,0.96362686,,,"NOT_AVAILABLE",5095.6333,
4689639301203696768,6.0611600293013375,0.2188096621735557,-72.08362216667696,0.14443180207681822,,,12.603591,1.3329897,,,"NOT_AVAILABLE",4467.5,
4689639296901286400,6.053189061572616,0.053303477896094395,-72.08513067323747,0.07843499197994393,-0.1511887424762547,0.06581429257480567,12.178721,1.3064747,,,"NOT_AVAILABLE",4947.0,
4689639232484220288,6.067938410241226,0.30579359074187923,-72.08497510094165,0.425135253756565,,,15.397978,,,,"NOT_AVAILABLE",,
4689639266845503616,6.0056512784126435,0.07479080348056485,-72.0949120509071,0.041218839393182403,0.1179022999933823,0.06500610689113376,13.6135235,0.9076967,,,"NOT_AVAILABLE",5248.25,
4689639473003162368,6.015878181567341,0.4301004007348723,-72.07907450233743,0.42959709482456426,-0.018367207611427808,0.5538671694258062,11.4460125,1.4170618,,,"NOT_AVAILABLE",4849.0,
4689639266845396608,5.998893586853934,46.767648722940265,-72.08759008707717,0.4827197684136999,,,13.71077,,,,"NOT_AVAILABLE",,
4689639296901285632,6.051212129213677,1.5830949174670035,-72.08105218070187,2.7729663437982066,,,12.497801,1.1482258,,,"NOT_AVAILABLE",5095.6333,
4689639301203689728,6.061599217508697,0.026047885126505303,-72.07902996439107,0.021920571447529357,0.12886372519231215,0.028583038771044806,10.785311,1.8955288,-21.775140154879757,1.65214877152846,"NOT_AVAILABLE",4317.72,
4689639541713358208,5.999327583318249,15.535414295836219,-72.07198686184395,2.6003882855442786,,,13.251807,0.6547699,,,"NOT_AVAILABLE",5095.6333,
4689639473003812864,6.019890295636066,0.5842307079971167,-72.07471939878158,0.6497997743862641,,,12.523414,1.0703707,,,"NOT_AVAILABLE",5095.6333,
4689639541714930304,6.003987681511884,0.2902545777817404,-72.07150774115284,0.3033811529303298,,,13.659258,0.9359398,,,"NOT_AVAILABLE",5095.6333,
4689639193822069504,6.0490488302575365,0.02790533726391711,-72.09443054058363,0.029691716762163218,0.23773499284754357,0.03229932990764825,13.256311,1.1978855,,,"NOT_AVAILABLE",4993.5,
4689639266845827200,6.0293966713089855,2.110054486644352,-72.08077542144694,0.8823508618611158,,,12.691931,,,,"NOT_AVAILABLE",,
4689639301203690496,6.070769719323422,0.44759527661665216,-72.08105289318128,0.27077887766122244,,,13.762565,0.9451122,,,"NOT_AVAILABLE",5190.3335,
4689639507355137280,6.053230094364084,0.22276600524304593,-72.07233914372502,0.2986117482579142,,,14.14945,0.8937979,,,"NOT_AVAILABLE",5095.6333,
4689639541723288576,5.995023115323093,0.19033411329414243,-72.07006458844565,0.2396164332480631,,,15.232062,0.8493662,,,"NOT_AVAILABLE",5095.6333,
4689639228181814912,6.059584169494001,0.0634311479453874,-72.09533677829198,0.05083067819121103,0.09826003494942713,0.07748394816623307,12.853386,1.2870045,,,"NOT_AVAILABLE",4920.0,
4689639232484220800,6.064098927102696,0.053338262664289,-72.08505602548857,0.0561638450310439,0.0021500040153187763,0.07291374002356721,11.854608,1.5886917,,,"NOT_AVAILABLE",4417.4565,
4689639473003126528,6.013645293304254,0.7081168784333784,-72.07534562900383,0.6159975007962519,,,12.702746,1.2143965,,,"NOT_AVAILABLE",5095.6333,
4689639473003114752,6.032453129997178,0.04171141956494422,-72.07314681977194,0.027269989446149924,0.05943123923379559,0.03914618542114464,11.778172,1.4031801,,,"NOT_AVAILABLE",4981.5,
4689639232484216192,6.078006740831931,6.947668559796948,-72.08254045362813,10.285247553998625,,,16.083931,0.7759695,,,"NOT_AVAILABLE",5095.6333,
4689639301195005568,6.064129287631812,6.307512621427933,-72.07518944794171,44.47868628458313,,,14.02355,0.7118006,,,"NOT_AVAILABLE",5095.6333,
4689639198117909632,6.012073214161897,37.14404685284558,-72.09767672711247,7.434575943769863,,,15.617651,0.8811321,,,"NOT_AVAILABLE",5095.6333,
4689639266845396736,6.000059406539362,0.4851105394350739,-72.08809509989935,0.4742582397006777,,,12.709346,,,,"NOT_AVAILABLE",,
4689639301195232256,6.066308947031832,39.35980759895193,-72.08160909368961,41.42993960986288,,,16.497192,,,,"NOT_AVAILABLE",,
4689639473003171456,6.013258321911565,0.03523319474622591,-72.0807495035353,0.02983551602874789,0.2834034975984344,0.03851490620290843,11.147616,1.7149057,,,"NOT_AVAILABLE",4371.6523,
4689639228181818624,6.063874442825892,0.17491638112571087,-72.0898868429341,0.24747429018916076,0.038360349979869805,0.1101877122665018,13.74094,0.96265316,,,"NOT_AVAILABLE",5215.175,
4689639198117940608,6.003687800397154,0.5009194575493425,-72.09782009613033,0.288345929401809,1.3773316276344427,0.4142062353186987,15.69355,0.48342133,,,"NOT_AVAILABLE",5095.6333,
4689639472995349760,6.035621877888931,0.12083781158092105,-72.06778518820029,0.12909497392567398,0.6993538859599946,0.13339235258612514,13.495834,1.1329279,,,"NOT_AVAILABLE",5076.0,
4689639472995349632,6.034708394935761,1.0944264777857582,-72.06785218811912,1.8994022234317836,,,14.371025,,,,"NOT_AVAILABLE",,
4689639473003129984,6.032288017966978,0.06868224703635314,-72.07543413411719,0.05269810979359083,0.23533656221315358,0.06595049731620904,10.971934,2.704341,,,"NOT_AVAILABLE",4031.055,
4689639473003129856,6.03436700842102,0.06894850197963277,-72.07555465744377,0.06464334902379107,0.21151490543392693,0.0817923390908133,10.881405,1.8746252,,,"VARIABLE",4045.4734,
4689639473003815296,6.002771972089325,0.35862237349128717,-72.07616979170683,0.12757469905099073,-1.902206382101564,0.18658682910419128,13.526398,0.8671255,,,"NOT_AVAILABLE",5095.6333,
4689639266845672960,5.996434213680951,0.0927635276751199,-72.09604379690313,0.10649634017772991,0.2534557938233999,0.09642444658447921,13.414848,1.119442,,,"NOT_AVAILABLE",4993.5,
4689639473003815680,6.014675741654763,0.3946736283371413,-72.07766701299977,0.2198307536919624,,,12.566189,1.1467972,,,"NOT_AVAILABLE",5095.6333,
4689639266845671552,6.024249174220235,0.19401712949210312,-72.08594277903539,0.3692973832439055,1.18063688212797,0.3638176849554212,11.78733,1.436326,,,"NOT_AVAILABLE",4777.0,
4689639266845671424,6.023622663382326,0.2192802797486675,-72.08797100291473,0.2108391785410623,-1.5768737142233447,0.21692808668864627,12.75134,1.1385918,,,"NOT_AVAILABLE",5143.45,
4689639232475765888,6.0553615236251375,1.1839251101210637,-72.09087061343487,1.399681362252784,,,13.701062,0.94347954,,,"NOT_AVAILABLE",5095.6333,
4689639473003925888,6.02239312844402,1.0378451156874835,-72.07822717998324,0.6938636512290368,-9.09149870641835,1.0087224055845179,11.865869,1.2561483,,,"NOT_AVAILABLE",5143.45,
4689639266844803456,5.9996589698562754,0.03634076903085482,-72.08895694799064,0.029730602205101812,0.3918126146283386,0.039979668833134904,11.7067795,1.5736141,,,"NOT_AVAILABLE",4402.12,
4689639473003821440,6.006531153974796,0.2246597920963808,-72.08319352252396,0.06805937760280112,0.8321516872899744,0.08651636848846064,12.333198,1.2779922,,,"NOT_AVAILABLE",5095.6333,
4689639296901292672,6.061119422574182,0.04287874225046549,-72.07428424652672,0.044286092454167786,0.17125849503085874,0.04394897992477948,11.951647,1.3982677,,,"NOT_AVAILABLE",4616.36,
4689639266845498240,6.023273333521452,12.525560536633485,-72.0923427986368,15.382131747093332,,,12.985543,1.0862617,,,"NOT_AVAILABLE",5143.45,
4689639541722604416,5.998702533558836,11.543248790685064,-72.0725717246162,2.0965122744484086,,,15.37061,,,,"NOT_AVAILABLE",,
4689639228181823232,6.072487150222962,2.314726066798522,-72.08832847219456,3.75446174825783,,,13.184952,1.0925341,,,"NOT_AVAILABLE",5143.45,
4689639266845782656,6.006565279043981,0.3140004471293668,-72.0914695292636,0.25705847316268376,,,12.743722,1.1461725,,,"NOT_AVAILABLE",5143.45,
4689639232475764608,6.0648206714679125,0.5020594804027333,-72.08769110224975,0.2839835616013163,0.8667649678214543,0.41885050769622795,13.566256,0.96472645,,,"NOT_AVAILABLE",5095.6333,
4689639198124489856,6.048297414848096,0.21601970215157618,-72.0906812319599,0.1422703760063195,-0.45955035737643096,0.20155129025157648,12.850819,1.1869984,,,"NOT_AVAILABLE",4963.25,
4689639232475764352,6.064353930295608,4.669933717865515,-72.08789534408386,10.949951960435078,,,13.7086315,1.040349,,,"NOT_AVAILABLE",5095.6333,
4689639198117899264,6.015825947058904,25.05171127016014,-72.09654088768649,25.039543323397897,,,15.0610285,,,,"NOT_AVAILABLE",,
4689639232484228608,6.062304211589911,19.349601741813935,-72.09402667431986,14.34889158268025,,,15.424679,,,,"NOT_AVAILABLE",,
4689639198117845632,6.028384506107651,70.22655036969361,-72.09426706393937,55.75059579427813,,,13.978554,1.0378056,,,"NOT_AVAILABLE",5095.6333,
4689639232484227328,6.070781019217573,3.0266178206921235,-72.09226305995115,2.312771311768851,,,13.134704,1.0796175,,,"NOT_AVAILABLE",5143.45,
4689639228181821952,6.070433744074277,0.06760657757608854,-72.08688307665591,0.0631211424518977,0.49108486447451644,0.08771047903549715,12.467104,1.335104,,,"NOT_AVAILABLE",4819.0664,
4689639472996763264,6.019060407085936,15.279954422342334,-72.06942124736604,17.642472992880222,,,13.237899,1.132844,,,"NOT_AVAILABLE",5144.95,
4689639232484227072,6.057844580186131,0.1530974755177944,-72.08997717335355,0.1255391930859921,-0.6256329842636952,0.18063601447121344,13.442596,1.1483641,,,"NOT_AVAILABLE",5095.6333,
4689639473003117696,6.015567366347379,0.41509555856559294,-72.07170782812389,0.41767587723415023,3.1317494217147184,0.4733616227746605,11.803219,1.412713,,,"NOT_AVAILABLE",4495.0,
4689639296901297280,6.070761308747962,0.0545231991367869,-72.07960520534942,0.06696140737431165,-0.1207781240072587,0.06533842801502188,13.682275,0.97050095,,,"NOT_AVAILABLE",5192.25,
4689639232484227712,6.061337203069924,0.05894933278181535,-72.09099462734243,0.045364582677199346,0.26090761981992355,0.061320032990718,12.48389,1.2665234,,,"NOT_AVAILABLE",5003.0,
4689639472995359744,6.038215163818919,0.07624186630234207,-72.06877928348068,0.11321882469146946,0.03367805903717709,0.10644278167893348,13.7496605,0.9515438,,,"NOT_AVAILABLE",5239.975,
4689639232475823104,6.055766693119791,2.3086375682037863,-72.09741726719484,0.9515922367752522,,,16.365793,,,,"NOT_AVAILABLE",,
4689639232479121792,6.062851240939508,0.5359767020101563,-72.09531445883862,0.434877186339563,0.4189180331173669,0.8841091857205752,16.15297,,,,"NOT_AVAILABLE",,
4689639472995359488,6.034976402433495,0.26889439026456374,-72.06879427916299,0.41863874505218995,,,14.449759,0.8565264,,,"NOT_AVAILABLE",5095.6333,
4689639198116077824,6.04451604410543,0.06499446126742256,-72.09635326286893,0.09381720016852026,-0.13180282546794125,0.09390139005389124,14.207672,1.0559006,,,"NOT_AVAILABLE",5095.6333,
4689639266835385728,6.032482881625274,0.05491163551450558,-72.08615788978965,0.05098629466880647,0.18473090281893567,0.0634017917620357,11.063694,1.7394991,,,"NOT_AVAILABLE",4419.0,
4689639232484232192,6.054681061304096,0.2368194107718994,-72.09676812876553,0.054725457465108505,,,13.82464,0.90261364,,,"NOT_AVAILABLE",5095.6333,
4689639198124494592,6.035791190343792,0.049307667518355906,-72.09756611752952,0.03269531003986383,0.10169617568967713,0.04463644604654321,12.803365,1.1729212,,,"NOT_AVAILABLE",5002.25,
4689639473003190528,6.0070157821894705,0.4827714941449398,-72.08237530420081,0.477947587900684,-3.5638431113990805,0.5993404880282756,11.154493,1.6619873,,,"NOT_AVAILABLE",4411.0,
4689639198124494464,6.0380702788455425,11.470755752976343,-72.09667511979647,6.546464451859476,,,15.156871,0.854496,,,"NOT_AVAILABLE",5095.6333,
4689639198124493056,6.044404947823323,0.8235972848971769,-72.09553790650496,0.6049658795137899,,,13.504622,1.1057549,,,"NOT_AVAILABLE",5095.6333,
4689639198124492928,6.046733716145005,0.3577845760874683,-72.0942494709257,13.435996006555659,,,13.772559,0.9862757,,,"NOT_AVAILABLE",5095.6333,
4689639198124492800,6.039061202209987,0.3231231127394712,-72.09332366583837,0.2112253562376345,-2.2842963393254303,0.2767938860906066,13.291865,1.0623703,,,"NOT_AVAILABLE",5143.45,
4689639198117921664,6.006849514423272,35.13052947945936,-72.09759578234501,6.811690466803315,,,13.637843,0.79456425,,,"NOT_AVAILABLE",5095.6333,
4689639198124493312,6.043783572589754,3.6071084282574284,-72.0944849523316,23.542891535688764,,,16.38376,,,,"NOT_AVAILABLE",,
4689639198116089344,6.028861598869917,19.799627020985714,-72.09675386887635,40.1997152711722,,,14.175364,0.8004103,,,"NOT_AVAILABLE",5095.6333,
4689639507355103104,6.061324430798402,0.06639187195633033,-72.0718452333628,0.0953770292261157,,,13.805759,1.0172358,,,"NOT_AVAILABLE",5076.0,
4689639232484230912,6.060099336502584,3.4077395939510393,-72.0944247653279,3.5712577988261547,,,15.769159,,,,"NOT_AVAILABLE",,
4689639198116088320,6.032718927187223,0.057256767839572925,-72.09682011327567,0.09399119820255031,0.4833846145213409,0.07849828757919677,13.771691,0.9484825,,,"NOT_AVAILABLE",5191.267,
4689639301195015936,6.057453794850468,0.03806787148191033,-72.07459048134676,0.05724754005681747,0.16887517011401162,0.050597735532484756,12.370596,1.3858194,,,"NOT_AVAILABLE",4475.0,
4689639232484229120,6.063276333906008,0.04142078026873289,-72.09252496506534,0.03440580325661743,0.11200890699822189,0.04104879383303552,11.28622,1.8081818,,,"NOT_AVAILABLE",3988.75,
4689639232475773440,6.070956852163201,0.09356597402457759,-72.08788038667821,0.07966693720525671,-0.11524934487576625,0.10211473437748134,13.722592,0.866457,,,"NOT_AVAILABLE",5095.6333,
4689639198124491648,6.050499584984521,0.11446768208751179,-72.09253378621486,0.19186462879363558,0.7964025672242481,0.15846624545029958,13.026565,1.2318792,,,"NOT_AVAILABLE",4987.0,
4689639473003135744,6.035561924780312,0.40111614876016255,-72.07705370737999,0.9284202682572011,,,13.085531,,,,"NOT_AVAILABLE",,
4689639198124491520,6.047200027321167,0.13144800211131752,-72.0932453523576,0.2732573431601958,3.0015329510183557,0.2455827183476151,12.485499,1.2919025,,,"NOT_AVAILABLE",4968.6665,
4689639266844705280,6.0427144132600805,0.14863649445634367,-72.07753355888532,0.1485851893604137,,,12.3423815,1.3058424,,,"NOT_AVAILABLE",5143.45,
4689639266837271808,6.012577654572255,3.5872537505771107,-72.09249776643489,0.470787653045512,,,13.196908,1.052001,,,"NOT_AVAILABLE",5095.6333,
4689639198116085888,6.049634210392464,66.464180957099,-72.09755108225045,23.114376300354085,,,16.133362,,,,"NOT_AVAILABLE",,
4689639301195021312,6.065339208874899,0.07172764028602592,-72.07620314184311,0.05994252839440459,0.11366523028272957,0.053377551957782925,11.977508,1.5528116,,,"NOT_AVAILABLE",4374.697,
4689639198116086400,6.052767409028786,0.11965627735132395,-72.09767703857365,0.08284506596306958,-0.42543614643604055,0.11746548806730034,14.575229,,,,"NOT_AVAILABLE",,
4689639266844818048,5.9992932680548074,0.0835609994564525,-72.0912556338795,0.08841130660902775,0.1589722923155426,0.06268618373660532,11.345062,1.7680378,,,"NOT_AVAILABLE",4060.0,
4689639198124496000,6.040706828391821,3.3374250710371447,-72.09778348818259,1.5039538726740613,,,13.57128,0.97684383,,,"NOT_AVAILABLE",5095.6333,
4689639198124495872,6.046957075565137,0.9181063314779855,-72.09826717121949,0.8068105481176735,,,15.427295,0.87886715,,,"NOT_AVAILABLE",5095.6333,
4689639232475778560,6.066598167904914,0.15934799323499566,-72.09048155133915,0.10332274558757353,-0.22079951205839704,0.12873201416808217,14.603942,1.0135374,,,"NOT_AVAILABLE",5095.6333,
4689639541713331328,6.000626486222091,2.755951767921537,-72.07276636725567,2.545070475263153,,,14.788534,0.82419395,,,"NOT_AVAILABLE",5095.6333,
4689639198116092032,6.032554137824689,8.99029583070222,-72.09599267689022,1.963883473002663,,,14.049538,,,,"NOT_AVAILABLE",,
4689639473003140864,6.023792354282455,0.5729843253039888,-72.07712071536538,0.35757097867052434,,,12.458588,1.0823898,,,"NOT_AVAILABLE",5095.6333,
4689639232475777152,6.063522995817127,1.2627830624219967,-72.09120075734847,2.400724041302558,,,15.712901,,,,"NOT_AVAILABLE",,
4689639198124495104,6.022810272957546,11.89595479765654,-72.09635011613305,20.969014671005283,,,16.349985,0.7270651,,,"NOT_AVAILABLE",5095.6333,
4689639266845638144,6.016757918961429,0.10858449738956392,-72.08613148318577,0.08000876701407372,0.6561627509591522,0.10318126238092663,10.877902,2.1898289,,,"NOT_AVAILABLE",3609.0,
4689639232475777536,6.069213896870116,33.65314431000359,-72.09143795679425,54.2595001129148,,,15.52785,0.8234234,,,"NOT_AVAILABLE",5095.6333,
4689639266845637376,6.006114352161251,0.7256663352235786,-72.0899581591793,0.5890432331183355,-3.5892324920739753,0.6466083656963302,11.236496,1.6174479,,,"NOT_AVAILABLE",4325.545,
4689639198126158976,6.004304095635801,0.5495883225584014,-72.0985294822561,0.2173282270303064,-1.5181409775752086,0.3425235310867992,15.379484,0.8522148,,,"NOT_AVAILABLE",5095.6333,
4689639198117912448,6.023421789282504,0.2764091377605789,-72.09822058760425,0.3148642385369493,-0.1330323135429134,0.1390773462122381,13.6698885,1.0955381,,,"NOT_AVAILABLE",5143.45,
4689639301195211520,6.073024226181525,1.91346213802768,-72.081796548236,2.2757109818666184,,,13.450042,0.962657,,,"NOT_AVAILABLE",5143.45,
4689639198116071424,6.043543306219919,1.347992355415026,-72.0957169380316,0.5992054811326673,,,12.793445,1.0407114,,,"NOT_AVAILABLE",5095.6333,
4689639266844768128,6.028091920566878,0.06158609262464637,-72.08623793315637,0.054192412816297504,,,12.401594,1.1546164,,,"NOT_AVAILABLE",5143.45,
4689639198125396224,6.011711949256845,0.7882886058349249,-72.09765970702394,1.596143684271549,,,14.487843,1.0316849,,,"NOT_AVAILABLE",5143.45,
4689639266844767872,6.0115463507402325,0.5481598471573059,-72.08411561561654,0.4180519976098938,,,11.470942,1.3277893,,,"NOT_AVAILABLE",5095.6333,
4689639266835445376,6.0456379273952265,0.2817765138495848,-72.08189873813339,0.4169440649970216,-0.9217152247276676,0.36304771064589,12.052896,1.3099222,,,"NOT_AVAILABLE",5143.45,
4689639473003144704,6.027622810814351,0.056753489808176974,-72.07719041538834,0.04005368968739248,-0.060880822171746354,0.05308744798953508,11.909884,1.3496313,,,"NOT_AVAILABLE",4777.0,
4689639198125396480,6.015728804266053,0.775318818797242,-72.09924370833933,11.223877654080969,,,14.279653,0.98700714,,,"NOT_AVAILABLE",5095.6333,
4689639541714901760,6.012646918133902,0.644379733559127,-72.06863725189544,0.5264492669675752,,,15.820501,0.8181801,,,"NOT_AVAILABLE",5095.6333,
4689639507363809280,6.055630669757524,0.0844136030768288,-72.07304435548767,0.0840036950193619,0.35206815477556835,0.08236115300346131,14.689919,1.0074129,,,"NOT_AVAILABLE",5095.6333,
4689639541713358592,5.996558988985981,1.1670548302484813,-72.07152711054026,0.27231411762232055,,,14.920126,0.9028282,,,"NOT_AVAILABLE",5095.6333,
4689639198116094208,6.043100363591658,13.680211726779602,-72.09837202805723,7.378223432344721,,,14.913966,1.0918827,,,"NOT_AVAILABLE",5095.6333,
4689639541713358464,6.000264456441252,4.943676342215441,-72.07204854463258,3.185360959067234,,,13.379419,0.7971964,,,"NOT_AVAILABLE",5095.6333,
4689639232475787136,6.068383612069396,2.8197594891178674,-72.0933183189219,1.2458477604033056,,,16.157068,,,,"NOT_AVAILABLE",,
4689639301205378688,6.059750887077859,53.77836668704884,-72.07378138487815,11.532364236271267,,,14.116391,1.309102,,,"NOT_AVAILABLE",5095.6333,
4689639198116067840,6.040884347274597,0.18174617107181365,-72.09301706007018,0.18150915073334536,-0.38194831451688965,0.24036378026751298,13.294379,1.1234093,,,"NOT_AVAILABLE",5143.45,
4689639232475786880,6.065353659461648,3.3738385884029665,-72.09393413989571,4.463994854434992,,,16.513977,,,,"NOT_AVAILABLE",,
4689639232475604224,6.051148007210719,9.30959712644587,-72.08727709398006,3.927201238085386,,,12.854537,1.0569153,,,"NOT_AVAILABLE",5247.967,
4689639473003200640,6.003156753496724,0.7950583000880774,-72.08356954658846,0.6008868244314637,-2.9752643392980795,0.7292736436616676,12.47833,1.2154255,,,"NOT_AVAILABLE",5143.45,
4689639266844824192,6.0087072180829875,0.14226319042727342,-72.09337005297775,0.07960878216778662,-0.4066216557601275,0.09616987629653378,13.369924,1.1238699,,,"NOT_AVAILABLE",5143.45,
4689639232475732736,6.0716281868736015,1.1272859896447038,-72.08268405404756,1.2147586507124772,,,14.471671,,,,"NOT_AVAILABLE",,
4689639473003207936,5.996620288811286,0.06387938980469163,-72.08513548559397,0.07768564501960346,-0.22671235140233933,0.08109399750183091,11.95263,1.3200006,,,"NOT_AVAILABLE",4947.0,
4689639473003207808,5.99489781277437,0.553933997955584,-72.0836388919791,0.6630218180723315,-22.246101078363672,0.8629824825886476,12.572208,1.0702219,,,"NOT_AVAILABLE",5144.95,
4689639301195087744,6.06200265091377,0.27479978174078834,-72.08328792792406,0.3129442543656851,,,13.701548,1.0220289,,,"NOT_AVAILABLE",5095.6333,
4689639232475783168,6.062120789087049,0.20344371548705267,-72.08916969777378,0.13728510697200128,-0.39374501328031997,0.16828934804011303,14.169903,1.0182333,,,"NOT_AVAILABLE",5095.6333,
4689639301198256640,6.05765526979871,3.8670221081811733,-72.0733907984258,12.573119848338402,,,15.171815,0.74013615,,,"NOT_AVAILABLE",5095.6333,
4689639232475790720,6.067074090453142,0.07721403053113844,-72.09248401509237,0.10780171358119171,-0.4148544618842414,0.09285186547614195,13.314877,1.2320957,,,"NOT_AVAILABLE",4946.4526,
4689639541714910464,6.004834397268368,4.3546479224090175,-72.0697634408953,1.9757806982271007,,,13.315674,0.960804,,,"NOT_AVAILABLE",5095.6333,
4689639473003152640,6.012197697575292,7.466657537578091,-72.07719532291786,0.6625981665755596,,,13.037846,,,,"NOT_AVAILABLE",,
4689639266835359104,6.012636742172595,0.5921281698395147,-72.0853532044582,0.5935869470333655,-3.771493560415523,0.7732251484253587,11.394109,1.4945927,,,"NOT_AVAILABLE",5143.45,
4689639232475789568,6.064192381757341,0.14184029450725208,-72.09332464034019,0.33423501801016636,0.42962933415487453,0.25017303509479255,13.643278,1.0549107,,,"NOT_AVAILABLE",5215.175,
4689639301198254720,6.077199185912188,0.8591310100097969,-72.07962326356072,0.8645213340884013,,,12.929435,1.1877432,,,"NOT_AVAILABLE",5000.0,
4689639266844775296,6.0105283423208835,0.06946498022276407,-72.08539893537363,0.05386478250707452,0.3155867846385665,0.07434823429571728,10.83515,2.3206263,,,"NOT_AVAILABLE",3633.6667,
4689639232475789952,6.066626364643769,3.851647403749208,-72.09326288452567,0.5261109742674278,,,14.606023,0.9583483,,,"NOT_AVAILABLE",5095.6333,
4689639266844781696,6.032775201768284,0.6350508162539027,-72.08902489202227,0.5991652020372482,-4.755986379493678,0.6637103708424055,11.605274,1.5254021,,,"NOT_AVAILABLE",4419.0,
4689639473003160320,6.004236179985424,0.10839857892323347,-72.07727719620648,0.04459546615692121,,,12.52903,1.2227421,,,"NOT_AVAILABLE",5076.0,
4689639266844729088,6.034802139451441,0.1420058095784587,-72.08075393515247,0.14137685767247865,0.6220403762031991,0.16508200578633114,11.1334915,1.5772028,,,"NOT_AVAILABLE",4531.275,
4689639232475787520,6.061275794325588,5.729251769120295,-72.09370324167428,0.23754192676294514,,,15.556882,,,,"NOT_AVAILABLE",,
4689639232479157504,6.056832924347438,0.5899757313738192,-72.09485146569813,0.2541866031122563,,,15.931663,0.8169975,,,"NOT_AVAILABLE",5095.6333,
4689639232475788160,6.062550333293021,0.4395060445661112,-72.09437090163007,0.26834884495947575,1.434071837602678,0.3577551991255011,14.41921,0.9969139,,,"NOT_AVAILABLE",5095.6333,
4689639301203677952,6.069323208303381,0.2650779059047393,-72.07437372287069,0.21747417532289268,1.9142205093521105,0.31920060439070236,12.676299,1.1577148,,,"NOT_AVAILABLE",5095.6333,
4689639232475666688,6.069349390219563,0.17605205379696615,-72.08436533009032,0.29612556732713435,,,13.372833,1.0100803,,,"NOT_AVAILABLE",5095.6333,
4689639198115980672,6.046342005083703,17.563126223014535,-72.09015747741391,5.84077957074572,,,13.478307,1.0315962,,,"NOT_AVAILABLE",5095.6333,
4689639507356690048,6.048183285043702,55.8446050250338,-72.07295515607535,34.06718267541457,,,13.106492,1.2764559,,,"NOT_AVAILABLE",4920.0,
4689639266844779776,6.019791951707916,0.261851010102384,-72.08700735084365,0.22762552337088496,-1.8940729227451643,0.3008308246005967,12.240392,1.2674313,,,"NOT_AVAILABLE",5025.3335,
4689639473003162240,6.01428647674859,0.16476451694576297,-72.07966604676865,0.11275833464846133,,,12.389186,1.1300726,,,"NOT_AVAILABLE",5076.0,
4689639266844727168,6.043844004922381,0.2325550562509266,-72.0820081607238,0.6918663326606431,,,12.601697,,,,"NOT_AVAILABLE",,
4689639198115980800,6.042276245759801,2.237515194742375,-72.08953018426904,0.9198310633541296,,,12.581558,1.2454853,,,"NOT_AVAILABLE",5003.0,
4689639266844727040,6.0422284694041295,0.9779796228976186,-72.08167695731898,0.7732454835859475,9.713852455658822,0.9807588888206131,11.136405,1.4515772,,,"NOT_AVAILABLE",4777.0,
4689639232475612160,6.072589694075989,1.6616252820609727,-72.08413941256948,0.7207631075952851,,,16.382086,,,,"NOT_AVAILABLE",,
4689639301195035904,6.074132289801117,0.20042117573892065,-72.07963886730474,0.09154942025531662,,,13.732437,0.93284893,,,"NOT_AVAILABLE",5095.6333,
4689639266845393920,6.0051203589179165,0.13064189813130384,-72.08563828995584,0.20775963350995716,0.23834881891969287,0.08177631125217184,12.075537,1.3910303,,,"NOT_AVAILABLE",4546.0,
4689639473003156224,6.026299038233067,0.11305675521862482,-72.07927489954248,0.10669838140122904,-0.10042337835207393,0.14484850840288696,11.063461,1.6489773,,,"NOT_AVAILABLE",4460.0,
4689639232475611136,6.075103796167289,0.501401475472556,-72.08278704576452,0.3965807478238003,,,16.680243,,,,"NOT_AVAILABLE",,
4689639473003180928,6.007678825143783,2.4177753738424355,-72.08171458885626,0.443415641942082,,,12.393523,,,,"NOT_AVAILABLE",,
4689639232475792128,6.0577602879558015,1.365220941934163,-72.091530426989,0.282780064139427,,,15.756888,0.7491207,,,"NOT_AVAILABLE",5095.6333,
4689639472993840000,6.011876334409221,5.316599375107732,-72.08277600348478,3.0812506481025186,,,12.031346,,,,"NOT_AVAILABLE",,
4689639232475798784,6.055147077092771,2.4929304973901103,-72.0938022933051,1.787608822683429,,,15.763504,0.7213154,,,"NOT_AVAILABLE",5095.6333,
4689639266845737344,6.025059389453235,13.707308641848655,-72.08440635124357,21.845056520842924,,,11.7867775,1.1987209,,,"NOT_AVAILABLE",5143.45,
4689639198116059776,6.040992623675352,0.2238094335931597,-72.09196454205181,0.3404493358147322,,,12.808273,1.1395798,,,"NOT_AVAILABLE",5114.0,
4689639473004167168,6.002431489886333,0.35243048300492263,-72.0798808764517,0.22035024529003622,,,12.578809,1.0708418,,,"NOT_AVAILABLE",5095.6333,
4689639266845737728,6.046860169093262,0.08835102732257387,-72.08107665870878,0.3372539939489716,,,12.060358,1.3807316,,,"NOT_AVAILABLE",5143.45,
4689639472993844352,6.010738937548513,4.772621500385321,-72.07734757137212,0.18025959295816088,,,12.760421,,,,"NOT_AVAILABLE",,
4689639232475667584,6.074540847683152,1.1331599150062241,-72.08231194760063,2.076402163918255,,,15.707585,0.90737057,,,"NOT_AVAILABLE",5095.6333,
4689639266844790400,6.029327880092272,0.305235357650841,-72.08913704405475,0.451932825457641,,,12.530176,1.1769724,,,"NOT_AVAILABLE",5095.6333,
4689639301203684352,6.073233733526713,4.291228987553066,-72.07738039745227,0.8718697214838684,,,12.799882,1.2550697,,,"NOT_AVAILABLE",4548.0,
4689639266845709952,6.023248233800215,0.14404341101861803,-72.08446684465979,0.14610823293183578,0.30538317854452707,0.21824033713285348,12.51698,,,,"NOT_AVAILABLE",,
4689639468699944064,5.9926617232825645,0.4360909213246024,-72.07808439123264,0.5542318330639406,0.15908273344044788,0.6432469741704485,12.0416975,1.2216177,,,"NOT_AVAILABLE",5143.45,
4689639537419420672,5.992431869815125,0.5134979923422736,-72.0738870233666,0.41092434640771475,-1.9444191072425054,0.4795891424947414,11.9502535,1.4025488,,,"NOT_AVAILABLE",4498.0,
4689639301203683456,6.070940406526275,11.652869559803058,-72.07622743388146,45.76928708803746,,,14.839015,0.93109417,,,"NOT_AVAILABLE",5095.6333,
4689639232475726976,6.062042967623467,0.21981201930395314,-72.08504091345166,0.15925412082116375,2.0767254301436817,0.21253344949260927,12.155112,1.451848,,,"NOT_AVAILABLE",4777.0,
4689639266844723200,6.039322410459569,0.04025551006887004,-72.08027940012903,0.035291554540582845,0.1422656058047121,0.046426649328712065,10.804535,1.885685,,,"VARIABLE",3954.6667,
4689639232475801728,6.058686018350066,1.404838295828235,-72.09449905868998,1.1020911106410392,,,15.565897,0.73716736,,,"NOT_AVAILABLE",5095.6333,
4689639198124492032,6.051910727326875,2.1460855082278543,-72.09602226796525,1.6519942628251705,,,16.224407,,,,"NOT_AVAILABLE",,
4689639301195033728,6.067131363206686,2.529633318481204,-72.07864273807232,2.0581113411207546,,,12.821125,1.08115,,,"NOT_AVAILABLE",5189.95,
4689639262541519232,6.003310298890177,2.281946285070401,-72.09697982350312,0.4278246266908535,,,13.81358,1.0292578,,,"NOT_AVAILABLE",5144.95,
4689639232475801344,6.060201020701118,0.4998622550634596,-72.09495319848803,0.22271903554163722,0.9429365768286877,0.35245616984096845,15.293459,,,,"NOT_AVAILABLE",,
4689639232475801088,6.061148209759305,1.3736914236396156,-72.09529365332007,1.080131550038501,,,15.324263,,,,"NOT_AVAILABLE",,
4689639301195207936,6.054384127960474,0.057052011540098306,-72.0813372404158,0.0664277345410514,-0.6784994606814546,0.07519529998097015,11.047246,1.8766327,,,"NOT_AVAILABLE",4051.515,
