Companion Pulsar,solution_id,DESIGNATION,source_id,random_index,ref_epoch,ra,ra_error,dec,dec_error,parallax,parallax_error,parallax_over_error,pm,pmra,pmra_error,pmdec,pmdec_error,ra_dec_corr,ra_parallax_corr,ra_pmra_corr,ra_pmdec_corr,dec_parallax_corr,dec_pmra_corr,dec_pmdec_corr,parallax_pmra_corr,parallax_pmdec_corr,pmra_pmdec_corr,astrometric_n_obs_al,astrometric_n_obs_ac,astrometric_n_good_obs_al,astrometric_n_bad_obs_al,astrometric_gof_al,astrometric_chi2_al,astrometric_excess_noise,astrometric_excess_noise_sig,astrometric_params_solved,astrometric_primary_flag,nu_eff_used_in_astrometry,pseudocolour,pseudocolour_error,ra_pseudocolour_corr,dec_pseudocolour_corr,parallax_pseudocolour_corr,pmra_pseudocolour_corr,pmdec_pseudocolour_corr,astrometric_matched_transits,visibility_periods_used,astrometric_sigma5d_max,matched_transits,new_matched_transits,matched_transits_removed,ipd_gof_harmonic_amplitude,ipd_gof_harmonic_phase,ipd_frac_multi_peak,ipd_frac_odd_win,ruwe,scan_direction_strength_k1,scan_direction_strength_k2,scan_direction_strength_k3,scan_direction_strength_k4,scan_direction_mean_k1,scan_direction_mean_k2,scan_direction_mean_k3,scan_direction_mean_k4,duplicated_source,phot_g_n_obs,phot_g_mean_flux,phot_g_mean_flux_error,phot_g_mean_flux_over_error,phot_g_mean_mag,phot_bp_n_obs,phot_bp_mean_flux,phot_bp_mean_flux_error,phot_bp_mean_flux_over_error,phot_bp_mean_mag,phot_rp_n_obs,phot_rp_mean_flux,phot_rp_mean_flux_error,phot_rp_mean_flux_over_error,phot_rp_mean_mag,phot_bp_rp_excess_factor,phot_bp_n_contaminated_transits,phot_bp_n_blended_transits,phot_rp_n_contaminated_transits,phot_rp_n_blended_transits,phot_proc_mode,bp_rp,bp_g,g_rp,radial_velocity,radial_velocity_error,rv_method_used,rv_nb_transits,rv_nb_deblended_transits,rv_visibility_periods_used,rv_expected_sig_to_noise,rv_renormalised_gof,rv_chisq_pvalue,rv_time_duration,rv_amplitude_robust,rv_template_teff,rv_template_logg,rv_template_fe_h,rv_atm_param_origin,vbroad,vbroad_error,vbroad_nb_transits,grvs_mag,grvs_mag_error,grvs_mag_nb_transits,rvs_spec_sig_to_noise,phot_variable_flag,l,b,ecl_lon,ecl_lat,in_qso_candidates,in_galaxy_candidates,non_single_star,has_xp_continuous,has_xp_sampled,has_rvs,has_epoch_photometry,has_epoch_rv,has_mcmc_gspphot,has_mcmc_msc,in_andromeda_survey,classprob_dsc_combmod_quasar,classprob_dsc_combmod_galaxy,classprob_dsc_combmod_star,teff_gspphot,teff_gspphot_lower,teff_gspphot_upper,logg_gspphot,logg_gspphot_lower,logg_gspphot_upper,mh_gspphot,mh_gspphot_lower,mh_gspphot_upper,distance_gspphot,distance_gspphot_lower,distance_gspphot_upper,azero_gspphot,azero_gspphot_lower,azero_gspphot_upper,ag_gspphot,ag_gspphot_lower,ag_gspphot_upper,ebpminrp_gspphot,ebpminrp_gspphot_lower,ebpminrp_gspphot_upper,libname_gspphot,dist
J0024-7204J,1636148068921376768,Gaia DR3 4689639537419422848,4689639537419422848,939971413,2016.0,5.996517058428933,0.07493206113576889,-72.06659358056072,0.06702902913093567,0.17697287745273105,0.07195712625980377,2.459421157836914,5.77498722076416,5.182653373965682,0.09654045850038528,-2.5476619487438388,0.09355373680591583,0.1684192270040512,0.1489010751247406,-0.2597486674785614,0.19040507078170776,0.17382493615150452,0.2253788411617279,0.23256056010723114,0.1882174015045166,0.15630367398262024,0.2768874168395996,127,47,127,0,23.85284423828125,2023.23486328125,0.49522775411605835,122.21600341796875,95,False,,1.4348982572555542,0.01573469117283821,0.005942932330071926,-0.17086897790431976,-0.13048115372657776,0.00898840744048357,-0.11676496267318726,18,13,0.15057936310768127,25,9,0,0.020658737048506737,16.362186431884766,51,0,2.8717610836029053,,,,,,,,,False,103,126521.86876662298,228.58074951171875,553.5106201171875,12.931952476501465,21,66494.75634513794,1158.6309814453125,57.39079666137695,13.281573295593262,20,123722.5552964101,1479.5823974609375,83.61991882324219,12.016773223876953,1.5034343004226685,4,15,6,14,0,1.2648000717163086,0.3496208190917969,0.9151792526245117,,,,,,,,,,,,,,,,,,,,,,,NOT_AVAILABLE,305.9095581323365,-44.90260372010573,311.27002520289744,-62.33798193209205,False,False,0,False,False,False,False,False,True,True,False,1.0204576577190275e-13,4.783088369819666e-10,0.9999977946281433,5097.94970703125,5065.7666015625,5126.8349609375,2.679800033569336,2.5820999145507812,2.767899990081787,-0.7732999920845032,-0.8378999829292297,-0.7017999887466431,2277.62744140625,2074.500732421875,2530.093017578125,0.7289000153541565,0.7013000249862671,0.7545999884605408,0.5770999789237976,0.5547999739646912,0.5981000065803528,0.31189998984336853,0.299699991941452,0.32350000739097595,MARCS,0.0004645016072974431
J0024-7204U,1636148068921376768,Gaia DR3 4689639472995311744,4689639472995311744,1562045958,2016.0,6.040678316730604,0.2631104588508606,-72.06665660332085,0.2232659012079239,,,,,,,,,0.08443931490182877,,,,,,,,,,37,0,37,0,3.6252870559692383,69.52213287353516,0.3329504728317261,1.1207048892974854,3,False,,,,,,,,,5,5,0.672621488571167,8,5,0,0.15661966800689697,33.18036651611328,33,33,,0.3460671603679657,0.11045465618371964,0.4872688949108124,0.17887750267982483,-129.09445190429688,-57.47700500488281,28.44110870361328,1.8577653169631958,False,30,3344.6607553477843,138.8042755126953,24.096237182617188,16.87648582458496,0,,,,,0,,,,,,,,,,0,,,,,,,,,,,,,,,,,,,,,,,,,,NOT_AVAILABLE,305.8905632318208,-44.90457654235681,311.2852347718606,-62.34960355701208,False,False,0,False,False,False,False,False,False,False,False,0.0005954445223324001,0.0010267291218042374,0.9981985092163086,,,,,,,,,,,,,,,,,,,,,,,0.00017609659494237164
J0024-7204U,1636148068921376768,Gaia DR3 4689639472995311872,4689639472995311872,1747389311,2016.0,6.039457264963807,0.07884657382965088,-72.06645715045819,0.06854269653558731,,,,,,,,,0.36857345700263977,,,,,,,,,,62,0,59,3,4.589795112609863,116.00756072998047,0.21617990732192993,10.430153846740723,3,False,,,,,,,,,8,8,0.16142991185188293,16,10,0,0.06862801313400269,25.894622802734375,23,0,,0.19469033181667328,0.12414916604757309,0.5715572834014893,0.01201501116156578,-147.89410400390625,-41.364990234375,4.573029041290283,15.481719017028809,False,82,68186.4280895877,200.54110717773438,340.0122375488281,13.603121757507324,11,40995.31814552766,598.7169189453125,68.47195434570312,13.806706428527832,11,69180.84013549985,631.580322265625,109.53609466552734,12.647931098937988,1.6158077716827393,0,11,0,11,0,1.1587753295898438,0.2035846710205078,0.9551906585693359,,,,,,,,,,,,,,,,,,,,,,,NOT_AVAILABLE,305.89113013398435,-44.9047176660451,311.2851774504734,-62.34917878398609,False,False,0,False,False,False,False,False,False,False,False,6.295047816351484e-11,1.2104806046409067e-09,0.9999995827674866,,,,,,,,,,,,,,,,,,,,,,,0.0005407413320268856
J0024-7204X,1636148068921376768,Gaia DR3 4689640499510892032,4689640499510892032,668795713,2016.0,6.094571771034069,0.4005962312221527,-72.02140251915394,0.3029884696006775,1.2120733654985103,0.36940717697143555,3.2811310291290283,11.591519355773926,11.473854957534481,0.5442965626716614,-1.6474150337106315,0.4104008972644806,-0.48100006580352783,-0.21302485466003418,0.7492535710334778,-0.5603731274604797,-0.27801164984703064,-0.3477371633052826,0.34164854884147644,-0.47111746668815613,0.3787860572338104,-0.5935865640640259,103,0,102,1,7.789812088012695,265.001220703125,1.2814449071884155,12.514615058898926,95,False,,1.6510995626449585,0.07379738986492157,-0.2004610300064087,0.2961757183074951,-0.09336639940738678,-0.21312086284160614,0.09538494050502777,14,11,0.9253895282745361,21,6,2,0.11389592289924622,55.356685638427734,0,0,1.6078871488571167,0.1332998126745224,0.19511255621910095,0.1749422550201416,0.07102885842323303,77.25251770019531,30.9631404876709,15.356074333190918,23.804048538208008,False,131,1274.5899306080141,10.464987754821777,121.79564666748047,17.923940658569336,10,1315.0194072225881,82.91111755371094,15.860591888427734,17.54121208190918,9,1617.006415358587,80.11968231201172,20.18238639831543,16.726116180419922,2.300367832183838,0,10,0,9,0,0.8150959014892578,-0.38272857666015625,1.197824478149414,,,,,,,,,,,,,,,,,,,,,,,NOT_AVAILABLE,305.87685918012664,-44.951797732054274,311.38705250651617,-62.34008501459538,False,False,0,False,False,False,False,False,False,True,False,8.457012154394761e-05,0.07211923599243164,0.9277961850166321,,,,,,,,,,,,,,,,,,,,,,,0.00034188048771866913
J0337+1715,1636148068921376768,Gaia DR3 44308738051547264,44308738051547264,1477990183,2016.0,54.43261340914772,0.1363241970539093,17.254115461920154,0.1413089781999588,0.5416920661382117,0.195136159658432,2.7759697437286377,7.045334815979004,5.480495136987953,0.18847954273223877,-4.427292334782167,0.16294538974761963,0.3506767451763153,-0.00954712275415659,-0.14994513988494873,-0.06988220661878586,-0.5808644890785217,-0.19717766344547272,0.02697904221713543,0.31153520941734314,0.08777599036693573,0.5632566809654236,211,0,210,1,2.6258978843688965,274.2827453613281,0.2861328423023224,0.6875439286231995,31,False,1.7535103559494019,,,,,,,,25,14,0.309800922870636,31,9,0,0.03130738064646721,127.1440200805664,0,0,1.1307532787322998,0.37392812967300415,0.3998861610889435,0.5964904427528381,0.5998052358627319,-80.93195343017578,-29.957763671875,-40.82476043701172,35.364501953125,False,234,1132.470302048346,1.8219982385635376,621.5540161132812,18.05229949951172,27,798.9933394127712,11.127458572387695,71.80375671386719,18.082183837890625,26,464.039482139571,10.523032188415527,44.09750747680664,18.08150863647461,1.1152900457382202,0,2,0,0,0,0.000675201416015625,0.02988433837890625,-0.029209136962890625,,,,,,,,,,,,,,,,,,,,,,,NOT_AVAILABLE,169.98968977586804,-30.039484153884825,56.229872974243634,-2.1129289474454396,False,False,0,False,False,False,False,False,True,True,False,1.0391625846492905e-13,3.64107181904938e-12,0.9999266266822815,9714.267578125,9667.3134765625,9762.3671875,4.63640022277832,4.633699893951416,4.638500213623047,-2.1410999298095703,-2.1749000549316406,-2.0817999839782715,10929.419921875,10855.6416015625,10999.3388671875,0.003100000089034438,0.0007999999797903001,0.007499999832361937,0.002899999963119626,0.0007999999797903001,0.007199999876320362,0.0015999999595806003,0.00039999998989515007,0.003800000064074993,PHOENIX,0.00020401965189411809
J0348+0432,1636148068921376768,Gaia DR3 3273288485744249344,3273288485744249344,1318756106,2016.0,57.18183331779655,0.6954769492149353,4.5365161957787254,0.6465485095977783,-0.03510799409612238,0.7840948700904846,-0.044775184243917465,3.4456067085266113,3.4381852148165697,1.345002293586731,-0.22602818895594637,0.8866667151451111,0.2525109350681305,0.11260667443275452,-0.07684917747974396,0.1641453057527542,0.19435963034629822,0.09360391646623611,0.48666253685951233,-0.07123620063066483,0.13496115803718567,0.027679195627570152,205,0,203,2,-1.9343717098236084,187.0857696533203,0.0,0.0,95,False,,1.1114119291305542,0.20533792674541473,-0.022908145561814308,0.22270146012306213,-0.0888436883687973,0.2703663110733032,-0.002567977411672473,24,13,1.861738681793213,33,4,3,0.011845358647406101,81.39511108398438,0,0,0.9025124907493591,0.4685802459716797,0.44047409296035767,0.2402983158826828,0.559264600276947,3.5112226009368896,-1.155388355255127,8.028575897216797,23.376636505126953,False,263,109.49095145011314,0.67141193151474,163.07566833496094,20.58892059326172,23,79.83427131358387,9.985940933227539,7.994667053222656,20.58306884765625,25,53.07493551890577,6.981034755706787,7.602731704711914,20.435672760009766,1.2138830423355103,0,0,0,0,0,0.14739608764648438,-0.00585174560546875,0.15324783325195312,,,,,,,,,,,,,,,,,,,,,,,NOT_AVAILABLE,183.33683961310373,-36.77362431748332,55.97015845427447,-15.11010308883243,False,False,0,False,False,False,False,False,False,False,False,0.00731457956135273,5.77237259727359e-13,0.9926849603652954,,,,,,,,,,,,,,,,,,,,,,,0.00017840654409252203
J0613-0200,1636148068921376768,Gaia DR3 3118031705827298944,3118031705827298944,1132905283,2016.0,93.43331615915669,0.04215262830257416,-2.0136586814890336,0.04654569551348686,0.45932777893001236,0.03909343481063843,11.749486923217773,2.7817542552948,2.7808324468506567,0.06760650873184204,-0.07160965183868867,0.062189389020204544,-0.5957016944885254,-0.16984903812408447,-0.6783225536346436,0.728546142578125,-0.08406014740467072,0.8120978474617004,-0.8562020063400269,0.009348288178443909,0.03661796450614929,-0.7684063911437988,329,0,324,5,-0.10119795799255371,329.5921325683594,0.0,0.0,31,False,1.4977691173553467,,,,,,,,38,14,0.13046391308307648,38,26,0,0.06111857667565346,14.251550674438477,0,0,0.9949528574943542,0.4345584213733673,0.3137941360473633,0.43759432435035706,0.8232083916664124,160.38511657714844,-21.470903396606445,16.920337677001953,-36.483951568603516,False,319,11177.37524890886,3.8786587715148926,2881.762939453125,15.566516876220703,34,5347.614713371649,14.807482719421387,361.1427307128906,16.018142700195312,34,8453.280762396666,10.029142379760742,842.8717651367188,14.93033218383789,1.2347170114517212,0,2,0,0,0,1.0878105163574219,0.4516258239746094,0.6361846923828125,,,,,,,,,,,,,,,,,,,,,,,NOT_AVAILABLE,210.41357260050202,-9.305080534050516,93.79913273276681,-25.407672643534625,False,False,0,True,False,False,False,False,True,True,False,1.0208371284793974e-13,5.099050522094917e-13,0.9999939203262329,6331.9921875,6258.5263671875,6394.50439453125,4.196400165557861,4.148799896240234,4.2418999671936035,-0.9401000142097473,-0.9879000186920166,-0.8968999981880188,1439.0079345703125,1384.0457763671875,1507.6138916015625,1.0616999864578247,1.0166000127792358,1.0930999517440796,0.8873999714851379,0.8486999869346619,0.9146999716758728,0.4860000014305115,0.46540001034736633,0.5008999705314636,A,0.0005317340122057795
J1012+5307,1636148068921376768,Gaia DR3 851610861391010944,851610861391010944,436377649,2016.0,153.13933086796624,0.2042589783668518,53.11725939018486,0.20397721230983734,1.7447569177332496,0.29057663679122925,6.004464149475098,26.065160751342773,2.7364450992406075,0.29184460639953613,-25.921120753058773,0.27057087421417236,-0.049517836421728134,-0.13588577508926392,0.1746152639389038,0.06747949868440628,-0.012130825780332088,-0.008181052282452583,-0.3486316502094269,0.09561876952648163,-0.0953320860862732,0.06549026817083359,479,0,478,1,-1.4596635103225708,452.003173828125,0.0,0.0,31,False,1.6641284227371216,,,,,,,,55,25,0.4113481640815735,58,23,0,0.02258996292948723,32.78091812133789,0,0,0.9522262215614319,0.3550454378128052,0.04376835376024246,0.13261394202709198,0.19373270869255066,-80.58699035644531,68.43441009521484,23.272720336914062,-2.9087905883789062,False,469,275.61590949402813,0.7949761748313904,346.69708251953125,19.586606979370117,50,177.9215119465261,7.2727952003479,24.463979721069336,19.712970733642578,46,131.7878941383381,7.614266872406006,17.308021545410156,19.448205947875977,1.1236993074417114,0,3,0,0,0,0.26476478576660156,0.12636375427246094,0.13840103149414062,,,,,,,,,,,,,,,,,,,,,,,NOT_AVAILABLE,160.3472039641611,50.85785720019549,133.3611355636977,38.7552835930104,False,False,0,False,False,False,False,False,False,False,False,0.0010191148612648249,1.090466383857347e-07,0.9989075660705566,,,,,,,,,,,,,,,,,,,,,,,7.505170817360535e-05
J1023+0038,1636148068921376768,Gaia DR3 3831382647922429952,3831382647922429952,1711732018,2016.0,155.94870458335123,0.057949818670749664,0.6446470547528212,0.05493738129734993,0.6861708101572905,0.07056035846471786,9.724594116210938,17.88532829284668,4.609895324338583,0.07148280739784241,-17.281024260717615,0.07716389000415802,-0.3490200340747833,-0.5460290312767029,-0.24097973108291626,0.04150944948196411,0.04502314329147339,-0.13731524348258972,0.05442579463124275,0.30568787455558777,-0.2894645631313324,-0.4659886956214905,152,0,152,0,0.16780494153499603,155.44107055664062,0.0,0.0,31,False,1.5914226770401,,,,,,,,18,13,0.12669198215007782,20,7,0,0.2965811491012573,15.742154121398926,2,0,1.0075284242630005,0.4001152515411377,0.3725161850452423,0.3634943664073944,0.8839783072471619,-137.1935272216797,52.61243438720703,2.085782527923584,-25.97886085510254,False,170,6055.14264022624,110.94617462158203,54.577301025390625,16.2320556640625,18,3276.162502226279,193.06996154785156,16.96878433227539,16.550128936767578,18,3786.004561484927,199.63096618652344,18.965017318725586,15.80244255065918,1.1663089990615845,0,2,0,1,0,0.7476863861083984,0.3180732727050781,0.4296131134033203,,,,,,,,,,,,,,,,,,,,,,,VARIABLE,243.4895915647394,45.78224492606224,157.4921121226626,-8.730257523325635,False,False,0,False,False,False,True,False,True,True,False,1.3214784644333122e-07,7.1538481805077936e-09,0.9999877214431763,5965.638671875,5961.6083984375,5977.732421875,4.654200077056885,4.638599872589111,4.668799877166748,-4.119100093841553,-4.141499996185303,-4.080900192260742,1417.91259765625,1400.0479736328125,1436.7054443359375,0.007400000002235174,0.0020000000949949026,0.016200000420212746,0.006300000008195639,0.0017000000225380063,0.013799999840557575,0.0035000001080334187,0.0008999999845400453,0.007699999958276749,MARCS,0.00020822724185693241
J1125-6014,1636148068921376768,Gaia DR3 5336020987242787328,5336020987242787328,199949101,2016.0,171.48058601542377,0.3292391896247864,-60.23524507098851,0.28804585337638855,0.23567878337619225,0.3910151720046997,0.6027356386184692,6.363692283630371,-6.272741505193303,0.44767916202545166,1.0720498229361572,0.3553544580936432,-0.003283855738118291,0.08234871178865433,-0.09203481674194336,0.13599303364753723,0.24989846348762512,0.18022270500659943,-0.05533905327320099,0.14519280195236206,0.18375658988952637,0.04580669850111008,331,0,329,2,3.4775164127349854,440.76873779296875,1.5025683641433716,2.840942859649658,95,False,,1.3653286695480347,0.09349580109119415,-0.013912016525864601,-0.14402443170547485,-0.12931236624717712,-0.2236565351486206,0.0031625248957425356,39,24,0.6251528859138489,44,17,0,0.021752631291747093,94.83029174804688,1,0,1.138817310333252,0.11522655189037323,0.1506887525320053,0.0840071365237236,0.23643676936626434,-96.97232055664062,-14.697465896606445,59.07115173339844,24.18694305419922,False,358,224.5135659088643,0.9678233861923218,231.9778289794922,19.809261322021484,17,103.35601176450147,7.325429439544678,14.109208106994629,20.302701950073242,20,181.12722202847746,8.173711776733398,22.159727096557617,19.102935791015625,1.2671092748641968,0,0,0,0,0,1.1997661590576172,0.4934406280517578,0.7063255310058594,,,,,,,,,,,,,,,,,,,,,,,NOT_AVAILABLE,292.5044205644322,0.8937069452223901,209.50438616496518,-55.65891940363221,False,False,0,False,False,False,False,False,False,False,False,2.5304988326979583e-08,7.492784170892719e-09,0.9999972581863403,,,,,,,,,,,,,,,,,,,,,,,5.2595521376301237e-05
J1227-4853,1636148068921376768,Gaia DR3 6128369984328414336,6128369984328414336,310474162,2016.0,186.99465510704707,0.09719011932611465,-48.895196620911825,0.06074601039290428,0.4635009727807662,0.12760405242443085,3.6323375701904297,20.140865325927734,-18.77239526564296,0.10574066638946533,7.297369719202052,0.08832047134637833,0.2805878221988678,-0.448100745677948,-0.391530841588974,-0.13176527619361877,-0.09029287099838257,-0.0833241418004036,-0.38266274333000183,0.33560270071029663,0.2615736126899719,0.36005905270576477,537,0,535,2,-0.719856321811676,527.823974609375,0.0,0.0,31,False,1.5085206031799316,,,,,,,,62,22,0.1708947718143463,69,21,0,0.055020157247781754,6.2374267578125,0,0,0.9773472547531128,0.3145272433757782,0.4092962145805359,0.1714438498020172,0.2528270184993744,-56.68458938598633,-22.038833618164062,-16.765092849731445,-16.785579681396484,False,561,1113.4860241159927,11.05556583404541,100.71723175048828,18.070655822753906,64,565.944365595063,20.31827163696289,27.853961944580078,18.456607818603516,63,809.5369845721402,18.44719886779785,43.88400650024414,17.477304458618164,1.235292911529541,0,2,0,2,0,0.9793033599853516,0.3859519958496094,0.5933513641357422,,,,,,,,,,,,,,,,,,,,,,,NOT_AVAILABLE,298.96538480494416,13.795794613673147,209.76470764702148,-41.26053178639365,False,False,0,False,False,False,False,False,True,True,False,3.260251790759838e-11,2.153322485598519e-11,0.9999720454216003,5038.67724609375,5018.95166015625,5073.13037109375,4.658100128173828,4.535699844360352,4.700500011444092,-1.1013000011444092,-1.2575000524520874,-0.9438999891281128,2093.889892578125,1956.537353515625,2582.92626953125,0.013399999588727951,0.003700000001117587,0.035100001841783524,0.01080000028014183,0.002899999963119626,0.02850000001490116,0.005799999926239252,0.0015999999595806003,0.01549999974668026,MARCS,0.0005102646529016461
J1302-6350,1636148068921376768,Gaia DR3 5862299960127967488,5862299960127967488,736952411,2016.0,195.69848851536304,0.008934320881962776,-63.83573123376698,0.009974833577871323,0.44344477764993895,0.013309076428413391,33.318973541259766,7.1010589599609375,-7.092820662863646,0.011759594082832336,-0.34195092640087815,0.014234627597033978,0.201033353805542,0.074760302901268,-0.19087080657482147,0.02429034374654293,-0.02728530392050743,0.041744060814380646,0.01728779636323452,0.1008354052901268,0.10089338570833206,0.3578885495662689,452,452,448,4,-0.5381287336349487,788.7785034179688,0.06651925295591354,4.899081707000732,31,False,1.4798933267593384,,,,,,,,51,28,0.021384553983807564,55,20,1,0.016929009929299355,131.176513671875,0,0,0.9812279939651489,,,,,,,,,True,464,2641267.602964577,901.3660888671875,2930.2939453125,9.632835388183594,50,1185345.1198155188,634.4366455078125,1868.3427734375,10.153929710388184,48,2157537.182542408,773.7271118164062,2788.498779296875,8.913000106811523,1.26563560962677,0,0,0,0,0,1.2409296035766602,0.5210943222045898,0.7198352813720703,,,,,,,,,,,,,,,,,,,,,,,NOT_AVAILABLE,304.18354481654586,-0.9915822428813386,227.69783348742587,-50.896923404737834,False,False,0,True,True,False,False,False,True,True,False,1.2081006195430177e-09,1.2245433556046237e-09,0.9999872446060181,35609.75390625,35604.203125,35613.3515625,3.8433001041412354,3.840399980545044,3.845900058746338,0.0,-0.0003000000142492354,0.00039999998989515007,1956.0606689453125,1944.7772216796875,1970.18505859375,3.457900047302246,3.4572999477386475,3.4586000442504883,3.1263999938964844,3.1259000301361084,3.127000093460083,1.7288000583648682,1.7285000085830688,1.729099988937378,OB,0.0001247131886398113
J1417-4402,1636148068921376768,Gaia DR3 6096705840454620800,6096705840454620800,1780469014,2016.0,214.37735925120347,0.040026869624853134,-44.04932767896711,0.03322593867778778,0.19737278858599186,0.04710214585065842,4.190314292907715,6.9811272621154785,-4.763750208392074,0.04322613775730133,-5.103216631918363,0.04729260876774788,0.22753910720348358,-0.4639381468296051,-0.16963915526866913,-0.20814353227615356,-0.30965104699134827,-0.041275493800640106,-0.19546210765838623,-0.02440573275089264,0.38738352060317993,-0.08555282652378082,186,0,186,0,-0.6895139813423157,174.4363555908203,0.0,0.0,31,False,1.448140263557434,,,,,,,,21,14,0.06902328133583069,27,10,0,0.04269260913133621,113.8665542602539,0,0,0.9621610641479492,0.30755510926246643,0.0855480208992958,0.14484094083309174,0.7940205931663513,-105.94292449951172,-14.538642883300781,4.435283660888672,-24.298940658569336,False,228,9255.86943785252,49.684627532958984,186.29241943359375,15.771324157714844,26,3916.129821457661,73.70482635498047,53.13261032104492,16.356399536132812,26,7667.781256160821,115.14900970458984,66.59007263183594,15.036221504211426,1.2515206336975098,0,1,0,0,0,1.3201780319213867,0.5850753784179688,0.735102653503418,,,,,,,,,,,,,,,,,,,,,,,VARIABLE,318.86122490455944,16.144039568152028,227.56779886256695,-28.45538956970173,False,False,0,True,False,False,True,False,True,True,False,1.0224152525040858e-13,7.939774948617639e-10,0.9999784827232361,5026.02978515625,5003.72412109375,5046.69140625,3.650399923324585,3.616300106048584,3.685699939727783,0.04919999837875366,0.018799999728798866,0.08550000190734863,2540.15234375,2431.259765625,2628.296630859375,0.6855999827384949,0.6660000085830688,0.7045000195503235,0.5379999876022339,0.5221999883651733,0.5534999966621399,0.2854999899864197,0.2768000066280365,0.2939000129699707,MARCS,6.68448607919222e-05
J1431-4715,1636148068921376768,Gaia DR3 6098156298150016768,6098156298150016768,1261065513,2016.0,217.93588660597308,0.08213456720113754,-47.25767551421815,0.10714279860258102,0.5264374882064711,0.12626342475414276,4.169358730316162,18.724857330322266,-11.82466167772455,0.1348983496427536,-14.51887237227252,0.15022197365760803,-0.3059267997741699,0.03208651766180992,0.1600503921508789,-0.23454678058624268,-0.34436529874801636,-0.16809755563735962,0.48440125584602356,-0.07757018506526947,-0.26805076003074646,-0.15216511487960815,250,0,250,0,0.07845817506313324,256.22454833984375,0.0934704840183258,0.11875474452972412,31,False,1.5869618654251099,,,,,,,,29,15,0.2248857319355011,34,11,0,0.014303608797490597,52.22371292114258,0,0,1.0021846294403076,0.16315098106861115,0.31012284755706787,0.1991187036037445,0.7603211402893066,22.769580841064453,58.26671600341797,-47.326507568359375,-30.52499771118164,False,283,1526.1037548026684,4.044155597686768,377.36029052734375,17.72840690612793,31,867.4732092322156,14.701861381530762,59.004310607910156,17.992902755737305,29,923.2464902783016,12.105310440063477,76.26789093017578,17.3346004486084,1.1733931303024292,0,1,0,0,0,0.6583023071289062,0.264495849609375,0.39380645751953125,,,,,,,,,,,,,,,,,,,,,,,VARIABLE,320.05090760991817,12.25259510181315,231.5828152963215,-30.519916017214953,False,False,0,False,False,False,True,False,True,True,False,1.1461520621480759e-09,2.5391762026316655e-09,0.999927282333374,6268.6767578125,6252.0048828125,6288.96533203125,4.599800109863281,4.577000141143799,4.616600036621094,-0.9873999953269958,-1.034000039100647,-0.8780999779701233,3659.013671875,3578.8095703125,3810.556396484375,0.007000000216066837,0.0017000000225380063,0.017100000753998756,0.006099999882280827,0.00139999995008111,0.014800000004470348,0.0032999999821186066,0.0007999999797903001,0.008100000210106373,MARCS,0.0003346309617369246
J1514-4946,1636148068921376768,Gaia DR3 5902197045194695040,5902197045194695040,666533176,2016.0,228.5788881848681,0.2460261434316635,-49.77059356679007,0.22709621489048004,0.8428175289524266,0.3536173105239868,2.3834171295166016,0.8818418383598328,-0.3018293091891918,0.3628370761871338,-0.8285795561098208,0.3417317271232605,-0.15564821660518646,0.11643001437187195,0.11668175458908081,0.14545509219169617,-0.12617561221122742,0.12755785882472992,0.3929841220378876,-0.3258170187473297,0.13342227041721344,-0.24376092851161957,348,0,347,1,1.4545422792434692,397.001953125,0.5601029396057129,0.5666947364807129,95,False,,1.415274977684021,0.056033387780189514,-0.10980138182640076,0.06215915083885193,0.009692355059087276,0.055011529475450516,-0.08141333609819412,40,16,0.5518913269042969,43,10,0,0.03049832582473755,124.859130859375,0,0,1.055215835571289,0.2634918987751007,0.3391985297203064,0.27955055236816406,0.42991307377815247,-115.93049621582031,34.192054748535156,-27.292049407958984,-37.66038513183594,False,365,319.71659788489615,0.9010250568389893,354.8365173339844,19.425453186035156,41,106.98623163828412,5.911823749542236,18.09699249267578,20.265222549438477,41,285.8171486006237,6.3871870040893555,44.74851608276367,18.607675552368164,1.2285985946655273,0,2,0,1,0,1.6575469970703125,0.8397693634033203,0.8177776336669922,,,,,,,,,,,,,,,,,,,,,,,NOT_AVAILABLE,325.24919251107343,6.80803516320948,240.26421463726055,-30.518804765241065,False,False,0,False,False,False,False,False,False,False,False,1.0684010777863365e-13,5.917495768566206e-13,0.9999949932098389,,,,,,,,,,,,,,,,,,,,,,,0.0005431329816831249
J1536-4948,1636148068921376768,Gaia DR3 5985598266373074048,5985598266373074048,332513230,2016.0,234.09690824299983,0.030870208516716957,-49.815358671382924,0.02802591398358345,0.07914602889891219,0.04110070690512657,1.9256610870361328,8.7705078125,-7.4752752989006765,0.04460655897855759,-4.587162448230824,0.0423705019056797,-0.28541797399520874,-0.02780027873814106,-0.14055326581001282,-0.26306697726249695,0.04353192821145058,-0.31167903542518616,0.3950780928134918,-0.12207432091236115,-0.017890868708491325,-0.3843762278556824,433,0,433,0,0.4724506437778473,457.8663330078125,0.0,0.0,31,False,1.3700639009475708,,,,,,,,50,20,0.07199395447969437,50,19,0,0.009412651881575584,121.67459106445312,0,0,1.0154085159301758,0.09214816987514496,0.3200570046901703,0.11920338124036789,0.44642210006713867,26.97821617126465,34.19826126098633,59.45376205444336,-35.144927978515625,False,431,6955.722936913747,2.610262870788574,2664.759521484375,16.081510543823242,49,2255.0733171340507,7.3092875480651855,308.5216369628906,16.95564079284668,46,6872.456046480148,8.458812713623047,812.4610595703125,15.155115127563477,1.3122329711914062,0,1,0,0,0,1.8005256652832031,0.8741302490234375,0.9263954162597656,,,,,,,,,,,,,,,,,,,,,,,NOT_AVAILABLE,328.198364986722,4.788779431298208,244.21982480140593,-29.539616614411255,False,False,0,True,False,False,False,False,True,True,False,1.020452846571887e-13,5.097330435348268e-13,0.9999977350234985,5318.34716796875,5299.9267578125,5335.95849609375,3.291599988937378,3.2797999382019043,3.3010001182556152,-0.1298999935388565,-0.13019999861717224,-0.12939999997615814,3786.417236328125,3753.943115234375,3828.89208984375,2.1561999320983887,2.142899990081787,2.1684000492095947,1.642799973487854,1.631500005722046,1.6532000303268433,0.88919997215271,0.8824999928474426,0.8950999975204468,MARCS,0.0003470096352798515
J1536-4948,1636148068921376768,Gaia DR3 5985598335050438912,5985598335050438912,152455703,2016.0,234.09630556932336,0.91511070728302,-49.814636318807324,0.7503845691680908,1.148504070120231,1.112518072128296,1.032346487045288,7.556149959564209,-5.768708718797793,1.1618387699127197,-4.880307221141653,1.2913296222686768,-0.37552550435066223,0.4800422489643097,-0.11561137437820435,-0.5207177996635437,-0.31845468282699585,-0.3922188878059387,0.7210315465927124,-0.1863514482975006,-0.5005738735198975,-0.2802502512931824,244,0,243,1,2.8816471099853516,333.12615966796875,2.636288642883301,2.466778039932251,95,False,,0.8597827553749084,0.1929551064968109,-0.1425488144159317,0.2895384132862091,-0.1081685945391655,-0.22347724437713623,0.20085053145885468,28,14,2.0714828968048096,29,7,0,0.009641594253480434,73.190185546875,0,0,1.1337697505950928,0.1292414516210556,0.3745225965976715,0.26368263363838196,0.20572462677955627,3.2065303325653076,12.165563583374023,-43.06644821166992,-40.26206588745117,False,243,127.12447895155051,0.9076814651489258,140.05406188964844,20.426794052124023,0,,,,,0,,,,,,,,,,2,,,,,,,,,,,,,,,,,,,,,,,,,,NOT_AVAILABLE,328.1984762876941,4.789592277672111,244.21917157884866,-29.53902497369096,False,False,0,False,False,False,False,False,False,False,False,,,,,,,,,,,,,,,,,,,,,,,,,,0.0005507672364800484
J1543-5149,1636148068921376768,Gaia DR3 5886130706451776256,5886130706451776256,407127112,2016.0,235.9342211546353,0.23279526829719543,-51.83190850758728,0.190414160490036,-0.017828687607129114,0.282623827457428,-0.0630827471613884,4.200063228607178,-3.2709659300363647,0.32049423456192017,-2.6346374316668673,0.2861006259918213,-0.20947255194187164,0.08668267726898193,-0.0284302718937397,-0.2871344983577728,-0.046772900968790054,-0.2625899314880371,0.501261293888092,-0.22540374100208282,-0.0967896580696106,-0.22263821959495544,357,0,354,3,1.998796820640564,434.8337707519531,1.0145237445831299,3.0636749267578125,95,False,,1.2978790998458862,0.05360134690999985,-0.04846645146608353,0.15194424986839294,-0.021615048870444298,0.03685661032795906,-0.01997656188905239,40,20,0.47934913635253906,43,43,0,0.04142649099230766,115.94020080566406,0,0,1.0757313966751099,0.08655405044555664,0.3289968967437744,0.08618859201669693,0.2029362916946411,-59.55599594116211,11.656421661376953,-37.37395095825195,-36.521026611328125,False,377,421.47176330359315,1.0424693822860718,404.30133056640625,19.125446319580078,40,94.10851927487114,4.7736053466796875,19.71434783935547,20.404470443725586,40,572.1324821008814,10.254945755004883,55.7908821105957,17.854154586791992,1.5807487964630127,0,32,0,32,0,2.5503158569335938,1.2790241241455078,1.271291732788086,,,,,,,,,,,,,,,,,,,,,,,NOT_AVAILABLE,327.9206170138094,2.4788189853238665,246.13462044007738,-31.177694347211872,False,False,0,False,False,False,False,False,False,False,False,1.9391913422261986e-11,5.796576760253025e-11,0.9999973177909851,,,,,,,,,,,,,,,,,,,,,,,0.00029462886463208437
J1543-5149,1636148068921376768,Gaia DR3 5886130706408287232,5886130706408287232,425266265,2016.0,235.93423250333768,0.5328251123428345,-51.831437163466845,0.4423123300075531,-0.12430841620170009,0.6564819812774658,-0.18935541808605194,7.408666610717773,-3.663844631124909,0.7608271837234497,-6.439299799380983,0.7051598429679871,-0.22239743173122406,0.05506806820631027,0.2042129933834076,-0.3334752321243286,-0.2152751386165619,-0.2515832185745239,0.6626473069190979,-0.2957547903060913,-0.3292030990123749,-0.13588818907737732,272,0,272,0,-0.12789003551006317,297.3758850097656,0.0,0.0,95,False,,1.0386121273040771,0.10941485315561295,-0.04416084289550781,0.15027481317520142,0.03157731890678406,-0.06161448359489441,-0.015465895645320415,31,15,1.1362665891647339,33,6,0,0.01851755380630493,83.80543518066406,0,9,0.9932098388671875,0.1790774166584015,0.4104630649089813,0.18234820663928986,0.15158484876155853,-74.92304229736328,-0.8859777450561523,-26.911571502685547,-39.3453369140625,False,286,157.05892716694575,0.8339822292327881,188.32406616210938,20.19721031188965,0,,,,,0,,,,,,,,,,2,,,,,,,,,,,,,,,,,,,,,,,,,,NOT_AVAILABLE,327.9209096138964,2.4791887958511603,246.13448488192458,-31.177237440998205,False,False,0,False,False,False,False,False,False,False,False,,,,,,,,,,,,,,,,,,,,,,,,,,0.0004512499814314055
J1623-2631,1636148068921376768,Gaia DR3 6045465849821693824,6045465849821693824,1796487116,2016.0,245.90890553103034,0.22823579609394073,-26.53125194953142,0.14067162573337555,-1.147805850389133,0.24015426635742188,-4.779452323913574,25.118873596191406,-12.886365415563752,0.3042928874492645,-21.561524978051665,0.223565474152565,-0.4569902718067169,-0.08038988709449768,0.25323301553726196,-0.14222922921180725,0.007186276372522116,-0.05345588177442551,0.565803587436676,-0.2783524692058563,0.03946100175380707,-0.13433603942394257,444,0,444,0,79.08721160888672,14560.9375,1.833488941192627,470.563720703125,95,False,,1.3257834911346436,0.037162985652685165,0.04774324223399162,0.10191982239484787,-0.07121004164218903,-0.08409736305475235,0.024794958531856537,51,15,0.4343823194503784,54,7,0,0.14153702557086945,11.958534240722656,23,0,4.637434482574463,0.44407927989959717,0.6967841982841492,0.43505987524986267,0.3704279363155365,4.769197463989258,17.860118865966797,11.799155235290527,24.972013473510742,False,440,9137.220292981463,16.69122886657715,547.4264526367188,15.785331726074219,28,4276.031704486192,65.96659088134766,64.82117462158203,16.260940551757812,25,9372.687921450051,56.28109359741211,166.53350830078125,14.818235397338867,1.4937496185302734,0,28,0,25,0,1.4427051544189453,0.47560882568359375,0.9670963287353516,,,,,,,,,,,,,,,,,,,,,,,NOT_AVAILABLE,350.9763052298807,15.960434212277391,248.49841984174634,-4.872430071518373,False,False,0,True,False,False,False,False,False,True,False,1.0203095963598474e-13,6.776848238132516e-08,0.9999991655349731,6155.15087890625,6038.88818359375,6231.900390625,3.735300064086914,3.6910998821258545,3.7880001068115234,-1.8797999620437622,-1.9812999963760376,-1.7293000221252441,1902.869140625,1730.5577392578125,2021.0400390625,1.7240999937057495,1.6562999486923218,1.7691999673843384,1.3941999673843384,1.3358999490737915,1.4329999685287476,0.7721999883651733,0.7402999997138977,0.7929999828338623,PHOENIX,0.00036341487618293426
J1623-2631,1636148068921376768,Gaia DR3 6045465849821696896,6045465849821696896,507732139,2016.0,245.9081872796918,0.1334724724292755,-26.53173017866321,0.08561751991510391,1.2614200217927187,0.13617636263370514,9.263134956359863,22.496482849121094,-12.347086093571328,0.18994411826133728,-18.805351054528387,0.14851051568984985,-0.43734362721443176,-0.039682768285274506,0.255106121301651,-0.2893787920475006,0.22885334491729736,-0.1364940106868744,0.6465973854064941,-0.20370544493198395,0.22514976561069489,-0.062492068856954575,307,9,305,2,-1.008783221244812,285.25445556640625,0.0,0.0,95,False,,1.4485224485397339,0.025438502430915833,0.13952238857746124,0.011513990350067616,-0.10669688880443573,-0.11729983985424042,-0.23737844824790955,35,13,0.26894623041152954,37,5,0,0.032565485686063766,34.178192138671875,0,0,0.9579335451126099,,,,,,,,,False,309,1559.7968033623365,2.295109987258911,679.617431640625,17.704696655273438,13,855.0815042229831,15.202666282653809,56.2454948425293,18.00852394104004,11,1639.9533695696016,24.199665069580078,67.76760864257812,16.710817337036133,1.5995897054672241,0,0,0,1,0,1.2977066040039062,0.30382728576660156,0.9938793182373047,,,,,,,,,,,,,,,,,,,,,,,NOT_AVAILABLE,350.975487537577,15.960587793472538,248.49786173482966,-4.873006627512746,False,False,0,False,False,False,False,False,False,True,False,6.400794916316954e-08,0.00015480625734198838,0.9998438954353333,,,,,,,,,,,,,,,,,,,,,,,0.0004752969579527178
J1723-2837,1636148068921376768,Gaia DR3 4059795678905878528,4059795678905878528,227768282,2016.0,260.8460069584889,1.7389265298843384,-28.6325805694289,1.0583584308624268,,,,,,,,,0.3831837475299835,,,,,,,,,,69,0,69,0,1.5376924276351929,82.23051452636719,2.658552885055542,1.1237623691558838,3,False,,,,,,,,,8,7,12.670747756958008,8,1,0,0.020266154780983925,85.12261199951172,0,12,,0.0679791122674942,0.5019385814666748,0.19733718037605286,0.8398603796958923,47.83171463012695,-21.96946907043457,0.5483331084251404,-32.55550003051758,False,68,104.02924085963842,1.585537314414978,65.6113510131836,20.64447784423828,0,,,,,0,,,,,,,,,,2,,,,,,,,,,,,,,,,,,,,,,,,,,NOT_AVAILABLE,357.6159698553012,4.260523735419122,261.93668492136896,-5.449164292610648,False,False,0,False,False,False,False,False,False,False,False,,,,,,,,,,,,,,,,,,,,,,,,,,9.452284858392722e-05
J1723-2837,1636148068921376768,Gaia DR3 4059795674516044800,4059795674516044800,1271665185,2016.0,260.8465812119027,0.03552844375371933,-28.63266533424399,0.02533988654613495,1.0663413131826731,0.04388531669974327,24.298362731933594,26.75946807861328,-11.73376052135494,0.04362406209111214,-24.049698930825514,0.03356298804283142,0.01809561252593994,-0.29952478408813477,0.07339543849229813,-0.2912757992744446,-0.3230322599411011,-0.0998292788863182,-0.3560801148414612,-0.26053938269615173,0.43299397826194763,-0.1289973258972168,283,0,282,1,1.3498659133911133,320.2771301269531,0.06856270134449005,0.6060090065002441,31,False,1.4264410734176636,,,,,,,,32,16,0.0624905489385128,32,12,0,0.02285616844892502,179.0891571044922,0,0,1.0566691160202026,0.2434312254190445,0.38558468222618103,0.2721797227859497,0.5105008482933044,-125.87713623046875,11.500556945800781,-25.30959129333496,-44.0002555847168,False,281,11447.9951133911,37.884281158447266,302.1832580566406,15.540543556213379,28,4519.811175950567,66.31407928466797,68.15763854980469,16.200740814208984,30,10128.841587275461,106.47679138183594,95.12722778320312,14.733996391296387,1.2795823812484741,0,3,0,3,0,1.4667444229125977,0.6601972579956055,0.8065471649169922,,,,,,,,,,,,,,,,,,,,,,,VARIABLE,357.6161833862773,4.260059100541004,261.9371956263503,-5.4492168464700015,False,False,0,True,False,False,True,False,True,True,False,1.0209620150171406e-13,1.0224773111522367e-10,0.9999927282333374,5828.21875,5786.92138671875,5874.56201171875,4.4893999099731445,4.461900234222412,4.510900020599365,0.07850000262260437,0.028300000354647636,0.1225999966263771,806.1036987304688,777.6397705078125,838.6232299804688,1.6550999879837036,1.6279000043869019,1.6841000318527222,1.3144999742507935,1.2920000553131104,1.3389999866485596,0.7099000215530396,0.6976000070571899,0.7231000065803528,MARCS,0.00043807697745848646
J1731-1847,1636148068921376768,Gaia DR3 4121864828231575168,4121864828231575168,195352425,2016.0,262.8229114933994,0.6267580986022949,-18.79254675288944,0.4397590756416321,0.7070765780846648,0.7172011733055115,0.9858832359313965,8.024906158447266,-3.1819012712706316,0.9292367696762085,-7.367131539673115,0.5341218113899231,0.03749925643205643,-0.03523643687367439,-0.14199447631835938,-0.09250330179929733,-0.16729043424129486,-0.19771230220794678,-0.6573389172554016,0.17673632502555847,0.21925777196884155,0.18999746441841125,388,0,373,15,28.121919631958008,1865.4859619140625,4.118943691253662,28.278751373291016,95,False,,1.3790805339813232,0.11023561656475067,-0.09666389971971512,-0.00233793375082314,0.14139753580093384,5.536942990147509e-05,-0.007860210724174976,45,18,1.3094327449798584,45,31,1,0.27813586592674255,167.93040466308594,50,0,2.199718475341797,0.21053007245063782,0.5881645679473877,0.19059015810489655,0.2322295904159546,3.161402702331543,5.485151290893555,15.529685020446777,29.749727249145508,False,364,303.2871278650821,3.061516046524048,99.0643539428711,19.48273277282715,17,134.93435174077902,7.97102165222168,16.928112030029297,20.013235092163086,16,453.39210184742353,7.948023796081543,57.04463195800781,18.10671043395996,1.9398332834243774,0,0,0,0,0,1.906524658203125,0.5305023193359375,1.3760223388671875,,,,,,,,,,,,,,,,,,,,,,,NOT_AVAILABLE,6.889348738165569,8.150886647041888,263.1864932979435,4.4771440310967305,False,False,0,False,False,False,False,False,False,False,False,1.108543590255806e-09,5.339632735967825e-09,0.9999916553497314,,,,,,,,,,,,,,,,,,,,,,,0.0004067577786788113
J1751-2857,1636148068921376768,Gaia DR3 4057347444388501120,4057347444388501120,736194714,2016.0,267.88616938438213,17.740802764892578,-28.962802797859972,10.727879524230957,,,,,,,,,0.9632697105407715,,,,,,,,,,37,0,37,0,-0.33747243881225586,28.750225067138672,0.0,0.0,3,False,,,,,,,,,5,5,432.4453125,5,3,0,1.8683711290359497,152.58218383789062,0,0,,0.09878217428922653,0.9225313663482666,0.18974938988685608,0.7160659432411194,109.1320571899414,-25.9711856842041,2.9693005084991455,-25.661083221435547,False,37,75.28911935050441,2.2204160690307617,33.90766143798828,20.99553680419922,0,,,,,0,,,,,,,,,,2,,,,,,,,,,,,,,,,,,,,,,,,,,NOT_AVAILABLE,0.6456347314668949,-1.1241725561729419,268.1419761836407,-5.537154400472161,False,False,0,False,False,False,False,False,False,False,False,,,,,,,,,,,,,,,,,,,,,,,,,,0.0002547725436551983
J1801-3210,1636148068921376768,Gaia DR3 4043712194647392128,4043712194647392128,753729828,2016.0,270.3575442757062,43.04979705810547,-32.18147937512655,21.327749252319336,,,,,,,,,0.7912147045135498,,,,,,,,,,54,0,54,0,4.222877025604248,102.72388458251953,3.8643174171447754,3.202280282974243,3,False,,,,,,,,,6,3,1352.204833984375,6,6,0,0.3559727370738983,177.76275634765625,0,0,,0.9086036682128906,0.720993161201477,0.6798737049102783,0.8474338054656982,166.38296508789062,-18.781423568725586,34.69059753417969,-26.246326446533203,False,54,161.1482862445657,3.2797908782958984,49.13370895385742,20.169301986694336,0,,,,,0,,,,,,,,,,2,,,,,,,,,,,,,,,,,,,,,,,,,,NOT_AVAILABLE,358.92197130365724,-4.577018749173719,270.30618307725473,-8.74257857002676,False,False,0,False,False,False,False,False,False,False,False,,,,,,,,,,,,,,,,,,,,,,,,,,0.00015251688227535857
J1804-2717,1636148068921376768,Gaia DR3 4063140839871310976,4063140839871310976,849822621,2016.0,271.0877922942453,0.3459622859954834,-27.291738081165608,0.28330695629119873,-0.8673525793157143,0.355193167924881,-2.441917896270752,11.482216835021973,-2.5094306838971825,0.4335683584213257,-11.204644314833377,0.2910579741001129,0.20210041105747223,0.012441115453839302,-0.21313048899173737,-0.1967899650335312,-0.2991013526916504,-0.22706903517246246,-0.5376079082489014,0.09740429371595383,0.13621999323368073,0.11223570257425308,223,0,222,1,31.68075942993164,1828.5433349609375,2.524171829223633,77.36357116699219,95,False,,1.498691439628601,0.07604090869426727,-0.28694477677345276,-0.007868891581892967,-0.029056787490844727,0.035775743424892426,-0.051314450800418854,26,16,0.6178834438323975,27,13,0,0.11733915656805038,47.98384475708008,66,0,2.8605875968933105,0.1831894963979721,0.3439559042453766,0.34571734070777893,0.5816553235054016,-114.33953094482422,-8.7581205368042,-37.2075309753418,44.595516204833984,False,231,1342.1343728761826,10.968393325805664,122.36380767822266,17.867876052856445,0,,,,,0,,,,,,,,,,0,,,,,,,,,,,,,,,,,,,,,,,,,,NOT_AVAILABLE,3.505246478413064,-2.735272805737777,270.9688980952429,-3.856115795090835,False,False,0,False,False,False,False,False,False,True,False,6.538106944731226e-09,2.488575887582556e-07,0.9999043345451355,,,,,,,,,,,,,,,,,,,,,,,0.00044446321540776604
J1811-2405,1636148068921376768,Gaia DR3 4066220743730297344,4066220743730297344,602663732,2016.0,272.8330945429224,8.45732593536377,-24.088516535840565,7.562881946563721,,,,,,,,,0.994220495223999,,,,,,,,,,95,0,95,0,1.068040132522583,104.36561584472656,0.839503824710846,0.2033492624759674,3,False,,,,,,,,,11,8,16.778244018554688,11,3,0,0.17678342759609222,75.41119384765625,0,0,,0.1336832195520401,0.8665518760681152,0.2614644765853882,0.8119940757751465,-71.678466796875,-38.64792251586914,-40.421932220458984,-42.74336624145508,False,95,110.05578961674462,1.0470515489578247,105.11018371582031,20.58333396911621,8,25.522542958025166,4.586845874786377,5.564290523529053,21.821231842041016,10,106.50012851643578,13.173765182495117,8.084259033203125,19.679519653320312,1.199597716331482,0,0,0,0,0,2.141712188720703,1.2378978729248047,0.9038143157958984,,,,,,,,,,,,,,,,,,,,,,,NOT_AVAILABLE,7.0730693381742045,-2.5593223073909046,272.58639510133196,-0.6746679769698198,False,False,0,False,False,False,False,False,False,False,False,2.0775954908458516e-05,5.05752359458711e-06,0.9995822310447693,,,,,,,,,,,,,,,,,,,,,,,0.00031811349290331215
J1816+4510,1636148068921376768,Gaia DR3 2115337192179377792,2115337192179377792,1677913054,2016.0,274.1497258625874,0.09356994926929474,45.17606864561869,0.09556593745946884,0.22249783718568827,0.1013086661696434,2.1962368488311768,4.39989709854126,-0.05861630575280602,0.1225600615143776,-4.399506732960086,0.11677811294794083,0.01352200098335743,0.054998498409986496,-0.0535815954208374,0.03458290174603462,0.18667881190776825,0.009559005498886108,-0.26777032017707825,-0.09792017936706543,-0.1602071225643158,0.11151308566331863,408,0,404,4,1.9519872665405273,476.0108642578125,0.5066444277763367,2.5459320545196533,31,False,1.7804197072982788,,,,,,,,46,28,0.17637011408805847,48,20,1,0.01744605414569378,176.8112335205078,0,0,1.0690350532531738,0.05514751002192497,0.015715431421995163,0.02206536941230297,0.15348805487155914,-95.75426483154297,-63.50708770751953,2.336261034011841,23.75956153869629,False,411,992.8857835296633,1.8575135469436646,534.5241088867188,18.195117950439453,44,739.258520590801,10.936822891235352,67.59353637695312,18.16655158996582,43,372.1333381474671,8.599991798400879,43.271358489990234,18.321149826049805,1.1193552017211914,0,3,0,2,0,-0.15459823608398438,-0.028566360473632812,-0.12603187561035156,,,,,,,,,,,,,,,,,,,,,,,VARIABLE,72.82980290708593,24.73500608352014,278.00068095887946,68.50013080142507,False,False,0,False,False,False,True,False,True,True,False,9.54464685065659e-09,0.0007157626678235829,4.989749868400395e-05,10622.3193359375,10594.3193359375,10641.30078125,4.498799800872803,4.4969000816345215,4.499800205230713,-1.4789999723434448,-1.492400050163269,-1.4515999555587769,15983.34375,15947.7763671875,16004.0654296875,0.0010999999940395355,0.00019999999494757503,0.0027000000700354576,0.0010999999940395355,0.00019999999494757503,0.0026000000070780516,0.0006000000284984708,9.999999747378752e-05,0.00139999995008111,A,0.00017239346238807248
J1853+1303,1636148068921376768,Gaia DR3 4506162043520360576,4506162043520360576,897244150,2016.0,283.4892648031182,1.79576575756073,13.062305246097456,2.7603633403778076,,,,,,,,,0.775519609451294,,,,,,,,,,71,0,71,0,0.4964793622493744,71.16669464111328,0.0,0.0,3,False,,,,,,,,,8,7,5.925623893737793,8,2,0,0.12462103366851807,170.6488494873047,0,0,,0.277290016412735,0.5563860535621643,0.20402270555496216,0.7637247443199158,-132.9002227783203,-67.00347137451172,-3.0847811698913574,36.020965576171875,False,69,79.1582979672179,1.3017604351043701,60.808650970458984,20.941125869750977,6,53.36724878116784,16.104320526123047,3.3138465881347656,21.020355224609375,7,87.53642842892798,5.772902488708496,15.163330078125,19.892423629760742,1.7800240516662598,0,1,0,1,0,1.1279315948486328,0.07922935485839844,1.0487022399902344,,,,,,,,,,,,,,,,,,,,,,,NOT_AVAILABLE,44.87477480020608,5.366594171998432,286.2578563727547,35.74336858255926,False,False,0,False,False,False,False,False,False,False,False,0.0004159467061981559,3.9449831092497334e-05,0.9983922839164734,,,,,,,,,,,,,,,,,,,,,,,0.000494404385447293
J1910+1256,1636148068921376768,Gaia DR3 4314046781982561920,4314046781982561920,411199072,2016.0,287.5407212302118,0.5858296155929565,12.940372151569237,0.548456609249115,-0.09600973820458453,0.8472586274147034,-0.11331810057163239,6.493289947509766,-2.2518595290800283,0.6175097823143005,-6.090315406261422,0.6021292209625244,0.3997058570384979,-0.4821011424064636,0.12317873537540436,-0.12859667837619781,-0.05939192697405815,-0.20206040143966675,0.263115793466568,-0.21708272397518158,-0.11274528503417969,0.5390305519104004,409,0,408,1,1.9252443313598633,489.1829833984375,1.1939504146575928,0.9718679189682007,95,False,,1.407657265663147,0.11890491843223572,-0.10518881678581238,-0.10503692179918289,-0.026330318301916122,0.02991883084177971,-0.02472238801419735,47,15,1.0554605722427368,51,12,1,0.021992668509483337,90.33983612060547,0,0,1.0678131580352783,0.4592769742012024,0.6024089455604553,0.5598063468933105,0.7716423273086548,-55.734397888183594,-41.88205337524414,-34.390445709228516,-43.6887321472168,False,419,137.17065046927047,0.6529064774513245,210.09234619140625,20.344213485717773,29,42.58166566123769,5.344815254211426,7.9669108390808105,21.265485763549805,34,131.8156950052039,6.570702075958252,20.061128616333008,19.44797706604004,1.2713897228240967,0,14,0,15,0,1.8175086975097656,0.9212722778320312,0.8962364196777344,,,,,,,,,,,,,,,,,,,,,,,NOT_AVAILABLE,46.56395784114698,1.7949316168978766,291.04177790318624,35.10714395142761,False,False,0,False,False,False,False,False,False,False,False,1.6259571467003298e-10,5.989632401171008e-11,0.9999986290931702,,,,,,,,,,,,,,,,,,,,,,,0.00027644051892748597
J1946+3417,1636148068921376768,Gaia DR3 2047074979178939648,2047074979178939648,223585029,2016.0,296.6044928038581,0.6030176281929016,34.287185692464675,0.7863118052482605,3.1428273931673494,0.8389676809310913,3.7460649013519287,5.377471923828125,-0.8121277480248992,0.9231495261192322,-5.315792599592822,1.2922762632369995,-0.16754193603992462,0.10712820291519165,0.21071644127368927,-0.10891183465719223,-0.008408906869590282,-0.09439779818058014,0.00020504473650362343,0.08058834820985794,-0.18042714893817902,-0.3026354908943176,272,0,268,4,20.153358459472656,1186.0616455078125,5.4515581130981445,29.06888771057129,95,False,,0.6528646349906921,0.1977788209915161,-0.14852096140384674,0.12027925997972488,0.0448695532977581,-0.07328237593173981,-0.1536443829536438,33,24,1.8635016679763794,35,35,0,0.13947731256484985,117.56082153320312,14,0,1.9975180625915527,0.19067801535129547,0.25824490189552307,0.10282989591360092,0.2385135442018509,-117.21904754638672,79.36421203613281,4.4260149002075195,-13.426726341247559,False,269,159.4820015075358,1.8934553861618042,84.22801971435547,20.180587768554688,6,216.47965214439424,44.82280731201172,4.829676151275635,19.5,6,351.21227167167206,20.233732223510742,17.357759475708008,18.38397216796875,3.559598684310913,0,0,0,0,0,1.11602783203125,-0.6805877685546875,1.7966156005859375,,,,,,,,,,,,,,,,,,,,,,,NOT_AVAILABLE,69.29403392281694,4.712683818682341,309.1984493855594,54.165404056826674,False,False,0,False,False,False,False,False,False,False,False,1.2379786085148226e-07,0.04513634368777275,0.9548634886741638,,,,,,,,,,,,,,,,,,,,,,,0.0002572575069827454
J1955+2908,1636148068921376768,Gaia DR3 2028584968839606784,2028584968839606784,915233771,2016.0,298.866100948426,0.10199505090713501,29.145381667244706,0.13717253506183624,0.4748712032006062,0.16951662302017212,2.8013253211975098,8.443187713623047,-3.1673756465389253,0.13518089056015015,-7.826567155396902,0.16659386456012726,-0.11271863430738449,-0.13246475160121918,-0.038598909974098206,0.031402964144945145,0.3214011490345001,0.0011103944852948189,0.007751085329800844,-0.14175665378570557,0.0897195041179657,0.024423327296972275,445,0,444,1,0.23587362468242645,507.1544494628906,0.4905349016189575,1.3881970643997192,95,False,,1.2325245141983032,0.035257287323474884,0.07200087606906891,0.022069212049245834,-0.00022160497610457242,-0.0801161602139473,-0.03706395626068115,51,25,0.23068466782569885,55,23,0,0.012653577141463757,175.2568817138672,1,0,1.0072170495986938,0.14500874280929565,0.2902167737483978,0.18214824795722961,0.3634437322616577,-110.34063720703125,76.04241943359375,6.196290016174316,-20.860294342041016,False,475,639.8771684579788,0.9985065460205078,640.834228515625,18.6721248626709,51,80.9994559136134,3.9422049522399902,20.54673957824707,20.567337036132812,49,852.6290038574956,4.97124719619751,171.5120849609375,17.420995712280273,1.4590744972229004,0,0,0,0,0,3.146341323852539,1.895212173461914,1.251129150390625,,,,,,,,,,,,,,,,,,,,,,,NOT_AVAILABLE,65.83923393065808,0.4432586350187238,309.69129815668083,48.684536730554434,False,False,0,False,False,False,False,False,True,False,False,1.0323452569139732e-13,5.096155160193294e-13,0.9999996423721313,4222.35302734375,4115.1064453125,4239.515625,4.264900207519531,4.230800151824951,4.298900127410889,-0.9045000076293945,-0.9732999801635742,-0.7692000269889832,692.0421142578125,664.8740234375,719.3106079101562,4.690899848937988,4.520599842071533,4.728899955749512,3.1261000633239746,2.9928998947143555,3.1514999866485596,1.736299991607666,1.6606999635696411,1.751099944114685,PHOENIX,2.619994418376286e-05
J1959+2048,1636148068921376768,Gaia DR3 1823773577813832448,1823773577813832448,1675574560,2016.0,299.9021916488912,0.14876435697078705,20.804423870286655,0.15540796518325806,-0.011459794826442202,0.2136242836713791,-0.05364462360739708,4.172183990478516,-2.787907627762622,0.19481290876865387,-3.103979556777441,0.2059662938117981,0.15284903347492218,-0.05764087662100792,-0.06429316848516464,0.15338420867919922,-0.018782051280140877,0.1564907282590866,0.2450951337814331,-0.1237199679017067,-0.06551388651132584,0.1813347339630127,358,0,357,1,-0.03429383784532547,365.57562255859375,0.0,0.0,31,False,1.4811543226242065,,,,,,,,42,20,0.3069630265235901,47,12,0,0.009421238675713539,152.479248046875,0,0,0.9977613687515259,0.340109646320343,0.07049961388111115,0.15985365211963654,0.1331602782011032,-107.6950912475586,-25.701915740966797,0.736007571220398,-27.205257415771484,False,366,488.5652779997066,0.9908055663108826,493.0990295410156,18.96506118774414,41,222.79293592150916,4.133059024810791,53.905094146728516,19.468788146972656,39,390.73025598640265,8.740401268005371,44.70392608642578,18.268203735351562,1.2557650804519653,0,1,0,2,0,1.2005844116210938,0.5037269592285156,0.6968574523925781,,,,,,,,,,,,,,,,,,,,,,,NOT_AVAILABLE,59.19664327385661,-4.696547923910786,307.7345299686362,40.40687956098847,False,False,0,False,False,False,False,False,True,False,False,2.7623289766687265e-10,2.525598896685466e-10,0.9999963045120239,4644.0595703125,4609.80419921875,4745.82275390625,4.96150016784668,4.9217000007629395,4.988800048828125,-2.798099994659424,-2.940200090408325,-2.546600103378296,1541.6334228515625,1456.568115234375,1723.8427734375,0.016699999570846558,0.003000000026077032,0.1160999983549118,0.013000000268220901,0.002400000113993883,0.09149999916553497,0.0071000000461936,0.0013000000035390258,0.04989999905228615,MARCS,0.0003605247229325089
J2032+4127,1636148068921376768,Gaia DR3 2067835682818358400,2067835682818358400,348109732,2016.0,308.0546693559062,0.011941006407141685,41.4567587500388,0.014621440321207047,0.5677534793686149,0.01559421420097351,36.407955169677734,3.028407335281372,-2.8762382942769733,0.017133817076683044,-0.9478946506888151,0.019980531185865402,-0.2283758670091629,-0.037062402814626694,-0.24803654849529266,0.041838061064481735,0.23458030819892883,0.015036988072097301,-0.045177802443504333,0.019944939762353897,-0.17762307822704315,-0.31394779682159424,358,358,354,4,1.8814339637756348,1184.3148193359375,0.13138887286186218,27.97157096862793,31,True,1.4004615545272827,,,,,,,,41,24,0.029954208061099052,48,21,2,0.05447929725050926,80.41738891601562,0,0,1.0710746049880981,,,,,,,,,False,372,580862.2793951136,5165.20263671875,112.45682525634766,11.277183532714844,36,221644.14079427454,5573.26904296875,39.76914596557617,11.974401473999023,36,570034.6728984367,21311.505859375,26.74774169921875,10.358141899108887,1.3629372119903564,0,0,0,0,0,1.6162595748901367,0.6972179412841797,0.919041633605957,,,,,,,,,,,,,,,,,,,,,,,NOT_AVAILABLE,80.2238146279451,1.0278993456654848,328.9536278161524,57.36963718906661,False,False,0,True,True,False,False,False,True,True,False,1.0221175712451028e-13,5.105425630869131e-13,0.9999812841415405,29995.66015625,29869.984375,30124.310546875,4.036600112915039,4.027500152587891,4.046899795532227,0.26429998874664307,0.2298000007867813,0.2890999913215637,1609.2880859375,1584.8707275390625,1636.836181640625,4.300899982452393,4.29449987411499,4.307600021362305,3.7562999725341797,3.7509000301361084,3.7616000175476074,2.0815000534057617,2.078399896621704,2.0845999717712402,OB,9.729029489052747e-05
J2039-5617,1636148068921376768,Gaia DR3 6469722508861870080,6469722508861870080,535316304,2016.0,309.8957015427482,0.12459804117679596,-56.285909994226095,0.10171131789684296,0.4886902269612317,0.16595099866390228,2.944786310195923,15.663036346435547,3.861062488612513,0.13735416531562805,-15.179687664578143,0.1220385804772377,-0.08184071630239487,0.47696036100387573,-0.2773566246032715,-0.2649894058704376,-0.05218286067247391,-0.23603464663028717,-0.37200289964675903,-0.3952229619026184,0.025251001119613647,-0.14950741827487946,475,0,471,4,0.5107631683349609,501.558349609375,0.0,0.0,31,False,1.5047659873962402,,,,,,,,54,20,0.20645983517169952,90,32,0,0.03809445723891258,17.602764129638672,0,0,1.0160579681396484,0.4502532184123993,0.3634176552295685,0.45816442370414734,0.6007348895072937,6.766484260559082,31.571622848510742,35.58103561401367,28.439695358276367,False,752,738.2022967130401,2.377843141555786,310.45037841796875,18.51692771911621,82,363.70760763522367,7.003864765167236,51.92955780029297,18.936660766601562,78,526.912338374058,7.438388824462891,70.8368911743164,17.94355010986328,1.20647132396698,0,2,0,0,0,0.9931106567382812,0.41973304748535156,0.5733776092529297,,,,,,,,,,,,,,,,,,,,,,,NOT_AVAILABLE,341.2651841371394,-37.14534105924367,296.26025734900014,-36.42628911919858,False,False,0,False,False,False,False,False,True,False,False,7.909827672847314e-07,2.9273095947246475e-07,0.9999712109565735,5074.65087890625,5061.72998046875,5091.81591796875,4.634500026702881,4.600399971008301,4.656400203704834,-0.47099998593330383,-0.5582000017166138,-0.3682999908924103,2917.609130859375,2804.007568359375,3102.8701171875,0.006599999964237213,0.0017000000225380063,0.017000000923871994,0.005400000140070915,0.00139999995008111,0.013700000010430813,0.002899999963119626,0.000699999975040555,0.007400000002235174,MARCS,0.00010548827664245733
J2053+4650,1636148068921376768,Gaia DR3 2166801586266246784,2166801586266246784,52460694,2016.0,313.46965923681176,0.21044154465198517,46.84809576790999,0.23396185040473938,0.3943409324103,0.2613089680671692,1.5090982913970947,3.07422137260437,-2.115454381428593,0.3202025592327118,-2.230625379314128,0.34915927052497864,0.06357686221599579,0.07073367387056351,-0.02441113255918026,0.11164817959070206,0.15735909342765808,0.1007668748497963,0.0426412895321846,-0.04551736265420914,0.16781233251094818,0.18650773167610168,377,0,377,0,1.8924630880355835,465.39898681640625,0.6588010787963867,0.7034435272216797,95,False,,1.2300976514816284,0.06712005287408829,-0.011905667372047901,0.011783658526837826,0.1100938692688942,-0.06929972767829895,0.01524272933602333,43,24,0.5094673037528992,46,15,0,0.019467761740088463,55.748321533203125,0,0,1.0693539381027222,0.1368103176355362,0.0573771633207798,0.09784219413995743,0.20990587770938873,-119.5947265625,77.58085632324219,41.329708099365234,8.413774490356445,False,384,271.0585552470524,0.7975475788116455,339.86505126953125,19.60470962524414,42,68.35243705357982,3.9474592208862305,17.3155517578125,20.751657485961914,39,278.5930263260982,6.2017621994018555,44.921592712402344,18.635469436645508,1.2799650430679321,0,2,0,2,0,2.1161880493164062,1.1469478607177734,0.9692401885986328,,,,,,,,,,,,,,,,,,,,,,,NOT_AVAILABLE,86.86132386059903,1.3016579094974527,340.65359781747463,60.08686587308104,False,False,0,False,False,False,False,False,False,False,False,4.115109294988706e-11,6.03538330423703e-11,0.9999959468841553,,,,,,,,,,,,,,,,,,,,,,,0.0004884147694974209
J2055+3829,1636148068921376768,Gaia DR3 1872588462410154240,1872588462410154240,1381135548,2016.0,313.79314419729184,1.8144673109054565,38.49149543707901,2.5779075622558594,,,,,,,,,-0.5180520415306091,,,,,,,,,,86,0,86,0,2.217583417892456,111.8021240234375,4.166751861572266,1.7389076948165894,3,False,,,,,,,,,10,9,7.712852954864502,10,2,0,0.0822654515504837,70.11243438720703,0,0,,0.16690294444561005,0.32054436206817627,0.301166296005249,0.3657490611076355,-5.369889736175537,-80.44947052001953,51.16537857055664,14.474991798400879,False,77,75.12918016974871,1.4086604118347168,53.333778381347656,20.997844696044922,9,37.63280266689904,6.695696830749512,5.62044620513916,21.399625778198242,9,72.35972148310398,11.42763614654541,6.33199405670166,20.099153518676758,1.4640452861785889,0,0,0,0,0,1.3004722595214844,0.4017810821533203,0.8986911773681641,,,,,,,,,,,,,,,,,,,,,,,NOT_AVAILABLE,80.6149684162061,-4.259702751030442,333.43894227834124,52.72882251533646,False,False,0,False,False,False,False,False,False,False,False,0.0002113715308951214,2.858583684428595e-05,0.9990464448928833,,,,,,,,,,,,,,,,,,,,,,,0.00043296550330132786
J2129+1210C,1636148068921376768,Gaia DR3 1745948362385656576,1745948362385656576,1230765263,2016.0,322.50474847677367,4.337030410766602,12.177619849709696,2.0974016189575195,,,,,,,,,-0.9817750453948975,,,,,,,,,,80,0,80,0,2.7713875770568848,113.43959045410156,1.1817467212677002,2.2993929386138916,3,False,,,,,,,,,9,7,7.371492862701416,10,10,2,0.9183809161186218,10.353414535522461,6,20,,0.10673721879720688,0.9022688865661621,0.13240796327590942,0.6340029239654541,-8.220211029052734,14.855234146118164,-1.8142919540405273,14.839859962463379,False,87,543.707754529945,3.897141695022583,139.51449584960938,18.848953247070312,0,,,,,0,,,,,,,,,,2,,,,,,,,,,,,,,,,,,,,,,,,,,NOT_AVAILABLE,65.03004574241173,-27.314694181590454,329.21792035210495,25.481095498895108,False,False,0,False,False,False,False,False,False,False,False,,,,,,,,,,,,,,,,,,,,,,,,,,0.00037883334087730275
J2129+1210C,1636148068921376768,Gaia DR3 1745948362385612416,1745948362385612416,498148269,2016.0,322.50448097265416,6.193136692047119,12.177463682672705,2.9371883869171143,,,,,,,,,-0.9614217877388,,,,,,,,,,53,0,53,0,7.999608039855957,175.19761657714844,3.046762466430664,12.915876388549805,3,False,,,,,,,,,6,5,15.615580558776855,6,4,2,0.32740795612335205,68.92472076416016,0,83,,0.35959237813949585,0.3910466432571411,0.28926774859428406,0.9455018043518066,-146.10435485839844,37.771697998046875,-27.917339324951172,27.14444923400879,False,53,558.922125090234,6.4937262535095215,86.07109069824219,18.818988800048828,0,,,,,0,,,,,,,,,,2,,,,,,,,,,,,,,,,,,,,,,,,,,NOT_AVAILABLE,65.02972286191367,-27.314591893948784,329.21758848981585,25.481040602598195,False,False,0,False,False,False,False,False,False,False,False,,,,,,,,,,,,,,,,,,,,,,,,,,0.0005007953351575826
J2339-0533,1636148068921376768,Gaia DR3 2440660623886405504,2440660623886405504,1494869127,2016.0,354.91143951164605,0.15848413109779358,-5.551464740654193,0.1403549313545227,0.5346435911756503,0.18320292234420776,2.91831374168396,11.00298023223877,3.923657379993803,0.20224404335021973,-10.279614780241074,0.186396986246109,0.11534014344215393,0.17822645604610443,-0.13405248522758484,-0.03856159374117851,-0.36890268325805664,0.17397025227546692,0.25024569034576416,-0.23839569091796875,-0.3452146351337433,0.30541443824768066,193,0,192,1,0.08444135636091232,194.03778076171875,0.12236697226762772,0.07164615392684937,95,False,,1.5959248542785645,0.044459372758865356,-0.32980185747146606,-0.10842034965753555,-0.06153406202793121,-0.0846705436706543,0.10089312493801117,22,15,0.31566372513771057,26,7,0,1.3035532236099243,58.09231948852539,0,0,1.002587080001831,0.30394449830055237,0.36326727271080017,0.45835626125335693,0.6738309264183044,-86.63363647460938,-42.19939422607422,-52.69089889526367,22.54014778137207,False,221,569.8701968817237,28.782695770263672,19.799057006835938,18.797927856445312,23,403.3046357724179,62.20455551147461,6.483522415161133,18.824459075927734,22,534.0376100008608,94.72837829589844,5.637567520141602,17.928966522216797,1.6448346376419067,1,1,0,2,0,0.8954925537109375,0.026531219482421875,0.8689613342285156,,,,,,,,,,,,,,,,,,,,,,,VARIABLE,81.34898665850888,-62.47616167222428,353.1282304200747,-3.0749147735001086,True,False,0,True,False,False,True,False,False,False,False,0.5718703866004944,2.965260748055698e-08,0.0005818841164000332,,,,,,,,,,,,,,,,,,,,,,,0.00016375589776600763
